Speaker,Chinese Simplified (CN)
Ushiromiya Ange,「圣诞节的第二天就不是圣诞节了。那绝对不可能。」
Ushiromiya Kinzo,「呵呵呵。真是遗憾，答错了。」
Ushiromiya Ange,「诶，为什么…！」
Ushiromiya Eva,「小缘寿，一天的开始是从几点算啊？」
Ushiromiya Ange,「午夜的 0 点。」
Ushiromiya Eva,「你想。0 点的时候不就是夜里吗？」
Ushiromiya Ange,「……啊。」
,是啊。第一个晚上，是在 12 月 25 日的 0 点左右进行的。
,也就是，前一天结束，刚刚进入圣诞节这天的时候。
,的确那也是圣诞节，而且是晚上。
Ushiromiya Ange,「然后，25 日的早上来临，再入夜的话，也还是 25 日的夜里……」
Ushiromiya Eva,「就是这样！答得很好嘛。」
Ushiromiya Kinzo,「嚯嚯嚯嚯！再早一点想出来的话就好了啊。」
,爷爷的笑声好像个圣诞老人。
,绘羽姑母争辩说答案都已经想出来了应该给算正确，但是爷爷却摇摇头。
Ushiromiya Eva,「真是的…！爷爷可真小气啊？」
Ushiromiya Ange,「但是，我知道要领了。下回再加油。」
Ushiromiya Kinzo,「嗯。要的就是这种气势。这才是我的孙女。」
Ushiromiya Ange,「谢谢你，爷爷。没关系。之后我会都答对的。」
Ushiromiya Kinzo,「嗯。好好加油吧。爷爷会准备很棒的奖品等着你的。」
,我对爷爷点了下头，和绘羽姑母一起奔向大家那边。
Ushiromiya Ange,「啊，是这样。有可能…！」
Ushiromiya Eva,「对对。在一天里，夜晚是有两回的呢。」
Ushiromiya Ange,「嗯！12 月 25 日是从午夜 0 点开始的。0 点的时候是晚上，这就是第一夜。那之后，经过早上再入夜，直到午夜 12 点都是同一天！」
Ushiromiya Eva,「就是这样。其中不论哪个晚上，都确实是圣诞节那天的夜晚。」
Ushiromiya Ange,「嘿嘿嘿嘿。我很厉害？我很厉害…？！」
,绘羽姑母笑逐颜开地，抚摸着我的头。
Ushiromiya Kinzo,「哇哈哈哈！答得漂亮，缘寿。本打算难你一把的，结果一下子就被你给解出来了。」
Ronoue Genji,「恭喜您，缘寿小姐。……这是，答对第 1 问的金币。」
,源次递出了金色的纪念币。{n}爷爷微笑着说，好好收下吧。
Ushiromiya Ange,「谢，谢谢。」
Ushiromiya Kinzo,「就这样，继续加油吧。那，我的出题就此结束了。去那边，找喜欢的人说话让他们出题吧。」
,沉甸甸的，金色的纪念币。
,要是答对好多题收集很多枚的话，口袋说不定会破掉？
,收集到让口袋破掉的程度，来向大家夸耀吧。
,我对爷爷点了下头，和绘羽姑母一起奔向大家那边。
,缘寿的背影，金藏用温柔的眼神目送着。
Ushiromiya Kinzo,「是不是，太简单了呢…？」
Ronoue Genji,「不。我认为这样刚刚好。」
Ushiromiya Kinzo,「…………源次。我有没有好好地，扮演出个好爷爷啊…？」
Ronoue Genji,「这是当然。」
Ushiromiya Kinzo,「缘寿还小。而且，经常因为身体不好，不能到六轩岛上来。……肯定没法，好好记得我吧。」
,年幼的孩子，有着特有的无情。
,那就是，会觉得温柔是自己理所应当享受的东西。
,所以，会觉得人的温柔对待是理所应当的，……不会把它留在记忆里。
Ronoue Genji,「………父母之恩也是如此。要想对此有所理解的话，缘寿小姐还需要年月的积累吧。」
Ushiromiya Kinzo,「总有一天。………会想起我是个有趣的爷爷来吧。」
Ronoue Genji,「……是的。一定会。」
Ushiromiya Kinzo,「………………………………」
,金藏的表情，有一些阴沉。
,……他是知道等缘寿长大之后，世间对右代宫金藏有着怎样的评判的吧。
,世间所知的右代宫金藏，和对待孙儿们的金藏，简直不是同一个人。
,当她知道的时候。……缘寿想起的会是右代宫金藏那世人所知的暴君的一面呢，还是微笑着的笑脸呢。
Ushiromiya Kinzo,「………可以的话，我希望能想起我的笑脸，……这会不会是个过高的奢望啊。」
Ronoue Genji,「……………………………」
{f:5:Beatrice},「这也没有办法。小孩就是这样的。」
Ushiromiya Kinzo,「是贝阿朵啊。」
{f:5:Beatrice},「小孩会饱尝温柔，然后绝不会留下记忆。再过 12 年的话，只会知道右代宫金藏是个怎样的奇人怪人吧。被这些所涂改，汝的笑脸，仅有被遗忘的命运。」
Ushiromiya Kinzo,「………也是啊。不管有多疼爱，这也是得不到回报的爱。」
{f:5:Beatrice},「但是，就如同不养儿不知父母恩一样。……缘寿也总有一天，会想起来的吧。……想起汝对孙女，是报以怎样的笑颜的。」
Ushiromiya Kinzo,「呵……。忘了也好。仅有一刻，她能够对我微笑，这就足够当做我带去阴间的礼物了。这就是，无偿的爱的境界吧。」
{f:5:Beatrice},「爷爷真是，得不到回报的存在啊。」
Ushiromiya Kinzo,「无所谓回报。只要能回想起刚才缘寿的微笑。我就算今夜就被迎去另一个世界也没关系。哇哈哈哈哈哈哈哈哈……」
,金藏寂寞地笑着，摆了下披风。
,他作为爷爷对缘寿施与的爱，已经足够了。
,虽然希望能够给缘寿留下记忆，但这谈不上是愿望。
,这就是，无偿的爱的境界。
,看着这样的金藏的背影，贝阿朵再次凝视缘寿的背影。
{f:5:Beatrice},「…………缘寿。……汝以后一定要想起来。……金藏到底，给汝展现了怎样的笑容。」
,那，这次找谁来出题呢？
,挑战越多人，答对越多得到越多金币，就能得到很棒的奖励来向大家炫耀了。
,在那里的是藏臼伯父和夏妃伯母。
,他们在看着这边微笑。肯定，是准备好了什么有意思的问题吧。
,那边是秀吉姑父在招手。
,有趣的姑父，一定会出个有趣的问题吧。
,对面是爸爸和妈妈。{n}挥手说着给你准备好了好好期待吧。
,……爸爸好像知道很多刁钻的问题，说不定挺难对付。
,那边的是楼座姑母和真里亚姐姐。{n}两人在看猜谜书，好像是在寻找问题。
,有时，真里亚姐姐会瞥向我这边，唧嘻嘻嘻嘻地笑。
,偶尔姐姐也很刁难人，所以问题也肯定是很刁钻的。
,再往里，是战人哥哥和让治哥哥还有朱志香姐姐。
,……战人哥哥虽然平时很温柔，但有时也会说些刁难人的话，以让我为难为乐。
,……肯定会出很刁难人的问题。我这么觉得。
,就没有人会出不太刁钻的问题吗？
,在头脑的转动回到正常状态之前，想尽量从简单的问题挑战起。
,在那边的是源次先生和南条医生。{n}那两个人应该不会欺负人才对。
,还有，纱音和嘉音。
,纱音知道很多的谜题和故事。肯定会出超难的吧。
,然后，在倒茶的乡田先生和熊泽婆婆。
,熊泽婆婆说不定很强。……总觉得，会出很能迷惑人的问题来。
,……好像，大家都够难摆平的呢。{n}嗯………。
Ushiromiya Hideyoshi,「小缘寿。我可准备了不得了的问题呐…！到这边来呀！」
,秀吉姑父在叫我。{n}……怎么办。要挑战试试吗？
Ushiromiya Eva,「要去秀吉姑父那里吗？」
Ushiromiya Ange,「嗯。顺序没有关系。因为我是要挑战所有人的。」
,我跃跃欲试地，走向秀吉姑父。
Ushiromiya Hideyoshi,「哇哈哈哈哈哈哈，来得好啊。俺这可是难题呐。」
Ushiromiya Eva,「亲爱的会出什么样的问题呢。可不许出特别难的题哟？」
Ushiromiya Ange,「难也没事。我会答对的。」
Ushiromiya Hideyoshi,「哦哦，这可真让人期待呐…！那，要说了！」
,秀吉姑父咳了一声清清嗓子，说出了问题…。
Ushiromiya Hideyoshi,「俺出的啊，是个谜语呐。好了吗，好好听呐。知道桃太郎的故事吧？」
Ushiromiya Ange,「从河里漂来个大桃子？」
Ushiromiya Hideyoshi,「是呐。但是啊，我说的这条河里漂来的是艾蒿呐。」
Ushiromiya Ange,「艾蒿？？」
Ushiromiya Hideyoshi,「是呐！然后第二天，漂来了个白蒜呐！」
Ushiromiya Ange,「白蒜，味道怪怪的不喜欢。」
Ushiromiya Hideyoshi,「到第三天啊，这次漂来了蚕豆呐！第四天是冬瓜。第五天是鳄梨。第六天漂来了番薯呐！」
Ushiromiya Eva,「呵呵。这故事真怪。在上游莫不是有个菜站啊。」
Ushiromiya Hideyoshi,「那么，问题来了。到了第七天，你觉得会漂来什么呢？！」
Ushiromiya Ange,「诶…？！」
Ushiromiya Eva,「姑母已经明白了。小缘寿明白了吗？」
Ushiromiya Ange,「不明白。」
Ushiromiya Eva,「那给你个提示吧。漂来的东西，都是根据顺序来的。知道那是什么顺序吗？」
Ushiromiya Hideyoshi,「哇哈哈哈哈！这可是大提示呐…！」
Ushiromiya Ange,「………完全，搞不懂。」
Ushiromiya Hideyoshi,「哇哈哈哈哈哈哈哈。好像太难了啊…！」
Ushiromiya Eva,「姑母连第八天会漂来的都知道哟？肯定是漂来花菜吧？」
Ushiromiya Hideyoshi,「是呐。然后，第九天大概是，……i、………i…。……i 开头的农作物想不出呐！」
,还是不太明白。嗯，真遗憾。
Ushiromiya Ange,「我知道了！高丽菜！」
Ushiromiya Eva,「对，正确哟。虽然选项里没有，但“根芹”也一定是正确答案哦。」
,这是字母表的顺序。艾蒿的“a”。白蒜的“b”。蚕豆的“c”。
,就这样，a、b、c、d、e、f，地继续下去。
,按照顺序，“f”之后是“g”了。所以正确答案是，由“g”开头的东西。
Ushiromiya Ange,「谢谢，这是靠姑母的提示解开的。」
Ushiromiya Eva,「呵呵。这是小缘寿自己解开的。好厉害哦。」
Ushiromiya Hideyoshi,「哎呀哎呀，真棒呐！来，给你答对的金币…！」
,秀吉取出金色的纪念币，放在我的手掌上。
,手里沉甸甸的。嗯，真有获胜的感觉。
,就这样继续努力吧！
Ushiromiya Hideyoshi,「俺啊，连绘羽的份一起，还拿到了一枚金币呐。但是，已经想不出问题来了呐。」
Ushiromiya Eva,「那，我来给小缘寿出个题吧？」
Ushiromiya Ange,「诶？绘羽姑母来？」
Ushiromiya Eva,「是啊。由随从来向公主出题♪ 正好想到个有意思的题，你可一定要来挑战下哦！」
,绘羽姑母笑得很灿烂。
,金币是拿得越多越好，所以机会当然也是多多益善。
Ushiromiya Ange,「嗯，我要挑战。」
Ushiromiya Eva,「呵呵。就是这个气势。那，我出题咯。」
Ushiromiya Eva,「姑母有没有说过，我特别喜欢旅游啊？」
Ushiromiya Ange,「嗯。说绘羽姑母您经常去国外旅行。」
Ushiromiya Eva,「是呀。所以这个问题是关于旅游的。某个地方有个旅人。」
Ushiromiya Ange,「旅人？」
Ushiromiya Eva,「那个旅人啊，先向北走了 5km。」
Ushiromiya Ange,「……这个问题，要记在纸上吗？」
Ushiromiya Eva,「不用。没那么复杂，只要听一遍就 OK。」
Ushiromiya Eva,「旅人他，先向北走了 5km。然后向东走了 5km。之后又向南走了 5km。」
Ushiromiya Ange,「…………向北 5km。向东 5km。向南 5km。……是走了个门字型吗？」
Ushiromiya Hideyoshi,「是这样呐！算出来应该是在离开始地点东边 5km 的地方。」
Ushiromiya Eva,「按理说是这样哦？但是没想到，旅人走到的是起始地点。……你觉得这种奇怪的事，有可能吗？」
Ushiromiya Hideyoshi,「哇哈哈，这种事不可能有呐！指南针是不是坏掉了呐？」
Ushiromiya Eva,「才不是那样的呢！唔呵呵呵呵，小缘寿，懂了么？」
Ushiromiya Ange,「不是指南针的原因？……这是谜语吗？」
Ushiromiya Eva,「不不，正经是问答题哟？作为提示啊，好好想想地球仪？」
Ushiromiya Ange,「…………不知道。」
,我从来就没去国外旅行过。
,说不定这个世界上会有个，走门字型也能回到起点的奇怪地方。
,……比如百慕大三角，什么的…。
Ushiromiya Eva,「嗯……。对小缘寿来说，是不是太难了啊。」
Ushiromiya Ange,「向北走再向东走再向南走还能回到起点的地方，不可能有的。」
Ushiromiya Eva,「这个啊，是有的哦？就在地球上的某个地方。家里要是有地球仪的话，看着它好好想想吧。实在不明白的话，就去找爸爸问吧？」
Ushiromiya Ange,「嗯，会去问的。所以，告诉我正确答案…！」
Ushiromiya Eva,「呵呵。答案是，特别冷～的地方哟？冷的地方是地球上的哪里啊？好好想一想吧。懂了的话，小缘寿也可以用这题来考班里的同学。大家一定会吃惊的呢。」
,冷的地方是哪里啊。……北海道？
,就算是北海道，也没有个向北走向东走向南走就能回到起点的地方吧。
,……嗯。搞不懂。认输。
Ushiromiya Hideyoshi,「那，俺们的问题就出完了呐！去找别人来出题吧！」
Ushiromiya Eva,「走吧！下一个要挑战谁呢！」
,既然知道这么复杂的问题，肯定绘羽姑母对猜谜很在行吧。
,和姑母在一起，一定能收集到很多金币。
,下回要找谁来出题呢…！
Ushiromiya Ange,「我知道了…！是特别冷的地方！嗯，那里特别的冷，绝对是！」
Ushiromiya Eva,「答对了！真棒啊，小缘寿这个年纪就知道，真是个小天才。」
Ushiromiya Hideyoshi,「把南极点当成起点的话，向北再向东走，就等于是相对于南极点画个圆呐。所以再向南走，就会回到南极点了呐。」
Ushiromiya Eva,「本来以为能够难住你的，小缘寿可真是厉害呢。」
Ushiromiya Hideyoshi,「恭喜呐！来，这就是另一枚金币呐。」
,得到了金色的，沉甸甸的金币。
,真好真好，做得真棒…！我和绘羽姑母一起做胜利的姿势。
Ushiromiya Hideyoshi,「那，俺们的问题就出完了呐！去找别人来出题吧！」
Ushiromiya Ange,「嗯，谢谢你，秀吉姑父…！」
Ushiromiya Hideyoshi,「你绘羽姑母可聪明了…！两个人一起的话，金币大把大把来呐！」
Ushiromiya Eva,「嗯，是哟。大把大把来哦！」
Ushiromiya Ange,「嗯。一起加油吧，绘羽姑母。」
,我走了出去。{n}下一个要找谁出题呢…！
,秀吉姑父微笑着，挥手送我离开……。
,为了寻求下一个出题者，而高兴地跑出去的缘寿，被秀吉和绘羽静静地目送。
Ushiromiya Eva,「………明明是个有着那样可爱笑容的孩子，……我却，………把那笑容夺走了…」
Ushiromiya Hideyoshi,「绘羽……………」
,绘羽低下头。在她的眼角，一颗泪滴，正闪着光芒…。
Ushiromiya Eva,「要是考虑她的心情的话，这是理所当然的事。……但是，我却没能接受她……」
Ushiromiya Hideyoshi,「这也没办法。你也是个普通人呐。人总会有，无法割舍的东西呐。」
Ushiromiya Eva,「就算如此，也是我不对…！好歹我也是个育有一儿的母亲啊？！………我应该成为那个孩子的母亲的。……但是，我只顾自己沉浸在悲伤中，没有那么做…」
Ushiromiya Hideyoshi,「这也没办法。这也没办法呐…！这不是你一个人的错呐…！别这么责备自己！」
,绘羽已经无法制止呜咽声…。{n}她低头颤抖着，豆大的泪珠扑簌簌地落下…。
Ushiromiya Eva,「我犯下了，何等罪孽……。………那孩子和我是一样的悲伤…！但我却认为是自己更悲伤，……没能接受那孩子的感受……。………我没有做母亲的资格…。没有去做，………那孩子的母亲………」
Ushiromiya Kyrie,「不。……你已经很努力了，绘羽姐。」
Ushiromiya Eva,「雾江…」
,不知何时，雾江站在了绘羽的身后。还有留弗夫。
Ushiromiya Kyrie,「我知道你为了和缘寿和谐相处，做了各种努力。」
Ushiromiya Rudolf,「……大姐已经忍得够多了。到现在都还不理解大姐的辛苦，我家这女儿真会给人添麻烦。」
,六轩岛事故之后。
,独自从六轩岛生还的绘羽，将当天缺席而活下来的缘寿迎为养子。
,……之后，变成互相伤害这样悲哀的关系的两个人，一开始也并没有那么险恶。
,绘羽为了把缘寿当做新的亲人，当做最后的唯一血亲而努力尝试着贯注爱情，拼命忍着自己的悲伤。
,但是缘寿没有接受这些。{n}把唯一生还的绘羽，骂作夺走自己双亲的凶手。
,……绘羽理解 6 岁的小孩的伤心，努力地忍受着。{n}咬着牙，向缘寿倾注不被回报的爱情。
,但是，………绘羽也被，深深地伤害着。
,她那悲伤的努力最终没得到回报，…………之后的未来，也成了悲哀。
Ushiromiya Kyrie,「你已经试着对缘寿倾注和对让治君一样的爱了。」
Ushiromiya Eva,「但是，……这只是我自以为是，……完全没能传达给小缘寿…」
Ushiromiya Rudolf,「没有接受它的是缘寿。这不是大姐的责任。」
Ushiromiya Eva,「哪能要求 6 岁的小缘寿理解这些呢…！就算如此我也应该为了能传达自己的感情，更加地……，明明必须要忍下来才行的…！」
Ushiromiya Kyrie,「绘羽姐。这一点你一定要相信。」
Ushiromiya Eva,「………………………」
Ushiromiya Kyrie,「我们从来，……都没有责怪过你。」
Ushiromiya Eva,「……雾江……………」
Ushiromiya Kyrie,「为了缘寿，肯接受那么深的伤害，谢谢你……。………那孩子只要有人的心，总有一天，一定会察觉到你所倾注的爱情的。」
Ushiromiya Rudolf,「谢谢你，大姐。我们会，永远感谢你的……」
Ushiromiya Hideyoshi,「…………太好了呐，绘羽……。……你的努力啊，……总算，……被承认了呐……」
Ushiromiya Eva,「呜呜呜……、呜呜呜呜呜呜…………」
Gohda Toshiro,「如何啊，缘寿小姐？可以的话，请务必来挑战鄙人乡田啊。」
Kumasawa Chiyo,「嚯嚯嚯嚯。熊泽婆婆我也，准备了好～难的问题了哟？」
Ushiromiya Ange,「难的问题也不在乎。缘寿不是一个人嘛。我和绘羽姑母一起来答！」
,乡田和熊泽在劝我挑战他们。{n}反正是要挑战所有人的，谁在先都无所谓。
,绘羽姑母挥手催我快点来，我就奔向了姑母。
Ushiromiya Eva,「这次是这两个人来出题？从哪个开始挑战？」
Ushiromiya Ange,「那，乡田先生。」
Gohda Toshiro,「好好，遵命。那么鄙人就出题了。」
Kumasawa Chiyo,「嚯嚯嚯嚯嚯嚯。可是难题哟？」
Ushiromiya Ange,「难题也能解开。我已经知道要领了。」
Ushiromiya Eva,「可不能小看小缘寿呢？对吧！」
Ushiromiya Ange,「对吧！」
Gohda Toshiro,「那可真是。…那么，就出一道和鄙人乡田相关的，关于厨房和料理的问题吧。」
Ushiromiya Eva,「这次一起挑战吧。不懂的时候就来问姑母吧？我会给你些提示的。」
Ushiromiya Ange,「……被提示的话就得不到金币了吗？」
Ushiromiya Eva,「和金币没有关系的，尽管来依赖我吧！」
Ushiromiya Eva,「姑母我，知道了。提示是，魔女比平时都要晚回来这点？」
Ushiromiya Ange,「……比平时晚会发生什么啊？」
Ushiromiya Eva,「好好想想？饭都是在固定的时间做好的哟？也就是说，比平时回来得晚的话，……会出现什么状况呢？」
Ushiromiya Ange,「………不明白。食物会说话太奇怪了。」
Gohda Toshiro,「不不，这是童话故事里的问题啦……」
Kumasawa Chiyo,「呵呵呵呵呵呵…。看起来，还是没能理解呢。」
,我所选择的答案，好像不是正确的。……遗憾。
Ushiromiya Ange,「那，告诉我正确答案。绘羽姑母是知道的吧？告诉我！」
Ushiromiya Eva,「好啊。答案是，」
Gohda Toshiro,「绘羽夫人，请您谅解…！菜谱和谜语的答案，都要保密才能出彩的。」
Ushiromiya Eva,「是吗…？呵呵，那么就等会儿在乡田先生不在的地方，悄悄地告诉你吧——。」
Ushiromiya Ange,「嗯，约好了。」
,不过，就算过后会告诉我答案，答错了还是答错了。
,没办法。重新打气精神，来挑战熊泽婆婆的问题吧。
Ushiromiya Ange,「是冰激淋！因为魔女回来得太晚了，那时就已经化掉了。所以没法吃了！」
Ushiromiya Eva,「答得好！如何啊？小缘寿真是很聪明吧？」
Gohda Toshiro,「恭喜您，缘寿小姐。实在佩服。鄙人乡田，拿手的这个难题，居然这么简单地就被解开了…！」
Ushiromiya Ange,「简直太简单了嘛。绘羽姑母刚才的题还更难些。」
Ushiromiya Eva,「呵呵，谢谢夸奖。」
Gohda Toshiro,「恭喜您。这是，作为答对问题的奖励的金币。」
Ushiromiya Ange,「谢谢！」
,好好，这真是胜得轻松。{n}之后来挑战熊泽婆婆的问题吧。
Kumasawa Chiyo,「下一个是我呢。那么就用我特别准备的，好难～的问题来考考缘寿小姐吧。那么开始了哦？」
Ushiromiya Ange,「难题是，有多难？」
Kumasawa Chiyo,「嚯嚯嚯嚯嚯嚯。这就是挑战的期待啊。那么我要出一个关于鲭鱼的甜点的问题。」
Ushiromiya Ange,「鲭鱼的甜点…？」
Ushiromiya Eva,「熊泽婆婆的话，肯定会出个大难题。要多多注意啊。」
Ushiromiya Ange,「嗯。」
Ushiromiya Ange,「姑母，你明白了吗？」
Ushiromiya Eva,「缺一个字的话，答案肯定是俏皮话一类的东西。想想さば（鲭鱼）加上一个字，能不能变成甜点……。……啊，我知道了！」
Ushiromiya Ange,「诶？！什么？什么？！」
Ushiromiya Eva,「总之，用姑母说的这几个词试试？就会有答案了。」
Kumasawa Chiyo,「噗噗。您可答错了哟——。」
Ushiromiya Ange,「诶——？！不明白！完全不明白…！」
Kumasawa Chiyo,「呵呵呵呵呵呵，答错了就是答错了。这对缘寿来说稍微有些难了吧。」
Ushiromiya Eva,「真是的，熊泽婆婆。这问题多讨厌的…」
Ushiromiya Ange,「这太奇怪了！鲭鱼怎么能做甜点呢！答案是什么？告诉我！」
Kumasawa Chiyo,「呵呵呵呵呵，说出来就没意思了。不快点找出答案的话，……甜点就真的要变成鲭鱼了哟？咿嘻嘻嘻嘻嘻嘻嘻嘻……」
Ushiromiya Ange,「答案，告诉我嘛——。」
Kumasawa Chiyo,「就不告诉您。」
,熊泽朗朗地笑着，就是顽固地不让我。{n}不管我怎么粘她，都不会告诉我答案吧。
Gohda Toshiro,「那么，我们的问题就出完了。其余诸位也在等着缘寿小姐来挑战吧。来，请去挑战下一位吧。」
Kumasawa Chiyo,「祈祷缘寿小姐能一路顺风。」
Ushiromiya Ange,「嗯。我会更努力，收集更多金币的！」
Ushiromiya Eva,「是啊，不沮丧不沮丧。再多多加油吧！」
,我们走了出去。{n}那，下一个要挑战谁呢…！
Ushiromiya Ange,「我知道了！缺的字是“く”！鲭鱼加上“く”就是，{ruby:さばく:沙漠}！」
Kumasawa Chiyo,「呵呵呵呵呵呵，回答正确。」
Ushiromiya Eva,「さばく就是“沙漠”。{ruby:desert:沙漠}和{ruby:dessert:甜点}的英语发音几乎是一样的…！」
Ushiromiya Ange,「我会英文。厉害不？厉害不？！」
Ushiromiya Eva,「真不愧是小缘寿，真聪明！来摸摸头…！」
Ushiromiya Ange,「嗯——。被姑母摸头很舒服，我喜欢。」
Kumasawa Chiyo,「鲭鱼加上“く”就能做甜点。鲭鱼可真是了不起呢。」
Gohda Toshiro,「因为这样的俏皮话而让甜点用鲭鱼做的那天，我估计会被炒鱿鱼的……」
Ushiromiya Ange,「我也不要。甜点还是冰激淋好。」
Ushiromiya Eva,「啊哈哈哈哈哈哈，的确。没事吧？今天的甜点。」
Kumasawa Chiyo,「哦呵呵呵呵呵呵……。在厨房，鲭鱼做的水果冻糕，正为了让大家大吃一惊而等着呢哟？」
Ushiromiya Ange,「才不要呢！！」
,大家都大笑着。
,我这段时间里，都在持续着冻糕变成用鲭鱼漂亮地装点着的恐怖想象…。
Kumasawa Chiyo,「这真是遗憾……。为了不让缘寿小姐得到太好的奖励而绞尽脑汁想出来的问题，居然被这么轻松地解开了。」
,虽然这么说，熊泽还是朗朗地笑着。{n}她那皱纹累累的手里，金色的纪念币正闪着光。
,缘寿便收下了它。
Kumasawa Chiyo,「那，我们的问题就已经出完了。」
Gohda Toshiro,「请就这样继续下去，收集很多的金币，来从老爷那里获得最好的奖励来吧！」
Ushiromiya Ange,「嗯。谢谢。我会更努力的…！是吧，绘羽姑母！」
Ushiromiya Eva,「呵呵！就这样继续下去吧！」
,我们走了出去。{n}那，下一个要挑战谁呢…！
Kumasawa Chiyo,「总是藏在雾江夫人身后，战战兢兢的那个小孩，何时长成了这么有精神的孩子呢…」
Gohda Toshiro,「……每次举办亲族会议，就能感受到年轻人的成长。再过上几年的话，缘寿小姐也会懂得恋爱，懂得化妆，成长为一名出色的女性吧。」
Kumasawa Chiyo,「是啊……。如果是普通地，一年年长大的话…」
,残酷的命运，……强迫缘寿这只雏鸟，迎接独自一人的未来。
,卵如果不加以温度，就不能孵化。{n}她这枚卵，没法得到温暖，也就无法孵化…。
Gohda Toshiro,「缘寿小姐就只能作为冷却的卵，迎接孤独的未来吗…」
Kumasawa Chiyo,「……卵壳总是从内侧被打破的。……虽然冷却的壳会特别特别的硬，但也并非无法打破。」
Gohda Toshiro,「缘寿小姐，会有那么坚强吗。」
Kumasawa Chiyo,「缘寿小姐能否得到它。这就是这最后的游戏的意义。」
Gohda Toshiro,「我们是不是应该，给予更多的信息啊。……至少，让这无法温暖的卵能够更容易破壳，稍微从外侧敲一敲之类。」
Kumasawa Chiyo,「若是硬是让没有自己破壳而出的力量的雏鸟出来的话，肯定无法忍耐寒风吧。缘寿小姐必须要自己来获得，这份力量和坚强。」
Gohda Toshiro,「……但是，这份力量和坚强，我们就不能告诉她些什么吗？」
Kumasawa Chiyo,「语言并不是能被给予的东西，而是需要接受的。……我们不论给予了什么，缘寿小姐要是不接受的话，就没有任何意义。」
Gohda Toshiro,「…………是啊。我们不论告诉什么，缘寿小姐要是不听的话，就没有意义。」
Kumasawa Chiyo,「呵呵呵呵……。只能远远地看着啊，我们。因为就算能牵马到水槽边，也不能强迫它喝水啊。」
Gohda Toshiro,「就只能祈祷，缘寿小姐能够自己选择，……更好的未来了。」
Kumasawa Chiyo,「缘寿小姐她仅是为了排解悲伤和绝望的愤怒而无法随心所欲。……要是能将缘寿小姐真正追求的唯一的愿望，还原出原本的纯粹的话。她绝对能，实现自己最大的愿望吧。」
Gohda Toshiro,「真是讽刺。……这最大的愿望，从最开始就被否定了。」
Kumasawa Chiyo,「笑口常开福自来。摆哭脸遭不幸。信者可得救赎。……人的思念，那份坚强，自己的未来都是自己走出来的。」
Gohda Toshiro,「哪怕，只把这句话告诉她也好啊……」
Kumasawa Chiyo,「战人少爷也是严格。……这样的话都不允许说，只能希望缘寿小姐能自己察觉到了。」
Gohda Toshiro,「………我们也只能远远地看着呢。」
Kumasawa Chiyo,「所以，祈祷吧。希望她能够抓住，她最期望的未来。」
Nanjo Terumasa,「哦呀，您这是来指名我们吗。」
Ushiromiya Ange,「嗯。反正是要挑战所有人的。对吧，姑母！」
Ushiromiya Eva,「对呀！来，给我们出题吧。我们会对答如流的！」
Nanjo Terumasa,「哈哈哈哈。这样啊这样啊。那就必须得出珍藏着的大难题咯。」
Ushiromiya Kinzo,「源次。你也来出个题吧。出最难的啊。」
Ronoue Genji,「遵命。……那么，我就出个最难的。」
,唔哇。
,本以为源次先生会出个简单的问题呢，结果说是特难的。真可怕。
,但是，总归是要打倒的对手。不可以带着恐惧。
Nanjo Terumasa,「那，就从我先开始吧。因为我是个医生。那就出个关于“救”的问题吧。」
Ushiromiya Ange,「“?”是数字吧？但是“救救”是文字呀？数字＋文字要怎么计算啊？」
Ushiromiya Eva,「救救啊，有点像是俏皮话呢。你看，救救听着像不像“99”？」
Ushiromiya Ange,「也就是说，? 加上 99 就是救护车了？」
Ushiromiya Eva,「?＋99 算出来的数字，到底怎么成为救护车呢。…………啊，我知道了！」
Ushiromiya Ange,「咦，真的？！是什么，为什么？！」
Ushiromiya Eva,「给个提示。不是救护车的亮红灯的车，是指警车哟？呵呵，已经懂了吧？」
Ushiromiya Ange,「呃，……嗯——……，……不知道…」
Nanjo Terumasa,「哦呀哦呀，不知道吗？我觉得这题还挺简单的呢。」
,没能解出的问题被这么一说，让人有些生气。
,可是，就算不服气，就算很恼火，还是想不出答案来。
Ushiromiya Eva,「嗯——，真可惜啊。我觉得都已经想得差不多了…」
,绘羽姑母似乎是知道了答案。在为我没有想到一起去而遗憾着。
Ushiromiya Kinzo,「………唔唔唔唔…？啊，原来如此，我知道了！救护车加上 2 的话，就连天气都能知道了啊。」
Nanjo Terumasa,「答得漂亮，金藏先生。那么，这枚金币就得交给您了呢。」
Ushiromiya Kinzo,「哇哈哈哈哈哈哈。抱歉啊，缘寿。这枚金币是爷爷我的啦。」
Ushiromiya Ange,「………我才没有不服气呢。」
,金色的纪念币，从南条手上交给了金藏。
,那枚金币本应是我的……。就算不服气也晚了。
,救护车加上 2…？这要怎么知道天气啊…？？
Ushiromiya Eva,「会告诉你天气预报的电话号码，是多少啊？」
Ushiromiya Ange,「…………？？？」
,果然，还是不明白。{n}还是打起精神，挑战源次的问题吧。
Ushiromiya Ange,「20！20 加上救救（99），119。叫救护车的电话号码！」
Ushiromiya Eva,「从 130 减去 20，110。这是叫警车的电话号码哦。」
Nanjo Terumasa,「真棒！答对了。果然小缘寿的头脑很灵活啊。」
Ushiromiya Kinzo,「哦哦哦哦哦哦，干得不错嘛，缘寿！真聪明啊，不愧是我的孙女！」
Nanjo Terumasa,「恭喜你。这是给你的金币。」
,在南条手中闪着光亮的金色纪念币，现在就是缘寿的东西了。
,好，照这个架势战胜源次，再拿 1 枚吧。
Ushiromiya Eva,「对对，就是这个气势。一个二个，都给它答出来吧！」
Nanjo Terumasa,「那么源次先生，请吧。」
Ushiromiya Kinzo,「别看吾友不多言语，他可是相当的博识。他会出怎样的问题，我也很感兴趣。」
Ronoue Genji,「那么缘寿小姐。请做好觉悟。我就此出题了。」
,……只是出题而已，还是头一次听说要做好觉悟。
,让人一下子紧张起来，肚子都开始疼了…。
Ushiromiya Eva,「没关系的。振作起来！」
,绘羽姑母紧握着我的手，腹痛稍微有些缓和了。
Ronoue Genji,「……缘寿小姐，您会算除法吗？」
Ushiromiya Ange,「嗯。在私塾学过。」
Ushiromiya Eva,「这可真厉害，才 6 岁就会啦？」
Ronoue Genji,「那么这问题就可以出了。请听好题目。」
,不好办了…。除法姑且算是学过，但是不拿手啊……。
Ushiromiya Eva,「一个小时就会烧掉一半吧…？第一个小时是 5cm 的一半。第二个小时再一半。第三个小时再减一半……」
Ushiromiya Ange,「……不用计算器的话算不出呢。姑母算出来了吗？」
Ushiromiya Eva,「啊，……我知道了。呵呵，这可真是个欺负人的问题呢。」
Ushiromiya Ange,「欺负人是指？」
Ushiromiya Eva,「这题啊，和除法计算没关系的。好好把题目读读看？」
,……呃，……题目怎么说的……？
Ronoue Genji,「真是抱歉，您没有答对。」
Ushiromiya Ange,「诶——？！为什么？！我有好好算过的…！」
Ushiromiya Eva,「这个问题啊，是不需要计算的哟？嗯——，完全被骗了呢…」
Ushiromiya Kinzo,「哇哈哈哈哈哈哈哈。真是遗憾呀，缘寿。南条你知道答案了吗？」
Nanjo Terumasa,「嗯，当然知道。不需要算除法嘛。这题是小缘寿也能解开的，简单的问题啊。」
,不仅是绘羽姑母，就连大家也说不需要计算。
,人家分明好好地算了除法呢……。
Ronoue Genji,「我的出题就是如此了。其他人也都在等着缘寿小姐您的挑战吧。来，请去挑战下一位。」
Nanjo Terumasa,「加油啊，小缘寿。祝你好运。」
Ushiromiya Eva,「是呀。可不能现在就灰心丧气了！现在起挽回败果吧。」
Ushiromiya Ange,「嗯。多多加油，然后收集更多金币！」
,我们走了出去。
,没有出题的人还有很多呢。能拿到金币的机会还多得是。
,那，下一个去挑战谁呢…！
Ushiromiya Ange,「……5cm 过了 1 小时变成 2.5cm，再过 1 小时是 1.25cm，再过 1 小时是 0.625cm……」
Ronoue Genji,「………………………」
Ushiromiya Eva,「小缘寿。不需要计算的。好好想想题目…？蜡烛，……到几 cm 的时候就会熄灭啦…？」
Ushiromiya Ange,「啊！差点被骗了…！长度烧到 1cm 的时候就会熄灭了，再怎么烧都没关系！」
,这枝蜡烛，长度变成 1cm 之后火就会熄灭。{n}也就是说，不会比 1cm 更短。
,所以正确答案是第 5 个的「约 10mm」…！
Ushiromiya Eva,「就是这样…！」
Ronoue Genji,「答对了。」
Ushiromiya Kinzo,「哦哦，太棒了，缘寿！可是没有被唬住啊！」
Ushiromiya Ange,「这是个没必要算除法的问题。差点就上钩了…！」
Ushiromiya Eva,「源次先生也挺会欺负人啊。之前还问会不会算除法。是打算干扰思路吧？」
Ronoue Genji,「是的。真是万分抱歉。」
Nanjo Terumasa,「哈哈哈哈哈哈。源次先生有时也会面不改色地误导别人呢。」
Ronoue Genji,「恭喜您，缘寿小姐。这是作为答对我所出问题的证明的金币。」
Ushiromiya Ange,「谢谢！嘿嘿，绘羽姑母，又收到金币了…！」
Ushiromiya Eva,「呵呵，状态真好呢！」
Ushiromiya Ange,「我还要收集更多。攒够好多金币，拿到爷爷的大奖品！」
Ushiromiya Kinzo,「嗯。干劲十足地去吧，我的孙女…！」
Nanjo Terumasa,「加油啊，小缘寿。愿你越战越勇。」
Ronoue Genji,「其他诸位在等着您呢。来，去挑战下一位吧。」
Ushiromiya Ange,「嗯。谢谢。我会多多加油的…！」
,我们走了出去。
,还有很多人没出题。拿金币的机会还多得是。
,那，下一个要挑战谁呢…！
,在缘寿和绘羽离开之后，……一直观望着她们的战人走了过来。
Ushiromiya Battler,「缘寿的状态如何啊。」
Ushiromiya Kinzo,「战人啊。状态我不清楚，不过看起来挺高兴的。」
Ushiromiya Battler,「源次先生的出题，我听到了。我都差点被骗了啊。」
Ronoue Genji,「不敢当。」
Ushiromiya Battler,「不过真令人意外啊。没想到源次先生会出这种充满伪装性的问题。我还以为会出个很直白的，容易理解的问题呢。」
Ushiromiya Kinzo,「哈哈哈哈哈哈哈哈。吾友因为比较沉默，容易让人这么想啊。……别看这样，他可是个相当厉害的谋士。」
Nanjo Terumasa,「是啊。和源次先生下过国际象棋的话，就会了解这点了。」
Ushiromiya Kinzo,「我有时都会被他骗了。用那好像很认真的表情，一步一步引我上钩。过去起就是这样了。可他骗几回我还是会上钩几回。哇哈哈哈哈哈哈哈哈哈哈。」
Ushiromiya Battler,「这么说来。………源次先生和爷爷，是怎么个交情啊？」
,金藏在一瞬间，看向源次以征求他的意见。
,源次轻轻摇了摇头，似乎是不想被人谈及这里。
,但是，源次却说到如今没有什么好隐藏的了，自己开口讲述了起来。
Ronoue Genji,「……我和老爷曾经，在台湾有过因缘。」
Ushiromiya Kinzo,「哇哈哈，因缘这说法太冷淡啦…！我们可是恶友哇！他和我都是有钱人家的浪荡子。都是总让父母头疼的废物点心。」
Ushiromiya Battler,「源次先生是浪荡子…？这还真让人吃惊啊……。那，源次先生也是过去移居台湾，在那里和爷爷认识的？」
Ronoue Genji,「……………不。我是台湾人。」
Nanjo Terumasa,「源次先生出身于台湾。………不，战前那里是日本领土，所以源次先生当然还是日本人了。」
Ushiromiya Kinzo,「他是个不服输的坚强男人啊。刚认识的时候我们经常打架的。自打意气相投之后，他可以说是我的竹马之友，最棒的朋友了。」
Ronoue Genji,「……在战后我因为很多状况而十分混乱。在这混乱之中帮助我的，就是老爷。……那个时候的恩情，是我尽这一生都无以偿还的。」
Ushiromiya Kinzo,「………别这么说，吾友。……我要是更能说会道一些的话，就能把你的家人们都带来了…。就因为我太没用了，只能救你一个人…」
,虽然不太清楚台湾的历史，但还是知道在战争结束日本撤出之后，台湾陷入了一片混乱的。
,金藏早早就察觉到混乱的开端，准备安排源次他们一族人逃出那里。
,但是，源次家一族人在台湾拥有庞大的财产。他们无法抛弃那些，选择了留在台湾。
,那些财产是由和日本统治时期的台湾总督府之间的密切来往建立起来的。
,这样的他们，很难在战后的新体制下受到欢迎。
,于是发生了各种混乱的状况。最后，只有源次逃离了灾难。
,……被金藏称作废物浪荡子的他，是经历了什么才令性格激变成现在这样的，我不知道。
,那是这两人之间的，围绕着友情的故事，……无关系的人翻阅历史书，擅自加以评论，是毫无意义的。
,两人既是长年的旧友，也是救命恩人双方的关系。就算被动荡的时代所翻弄，他们的友情依然长久维持着…。
,表面上他们之间是主仆关系，……但仅有两人在书房中时，他们也会像回到年少时期一样，酌酒谈欢。
,……到如今，两人依旧如此。
,留下怀念过去的金藏和源次，战人悄悄地离开。
,再听下去就太不通人情了，没必要听。
,金藏和源次是长年以来的亲友。{n}这他早就已经知道了。
Ushiromiya Eva,「如何？下一个去挑战夏妃伯母吧？」
Ushiromiya Ange,「好。我要去。」
Ushiromiya Krauss,「哈哈哈哈，那我们就赏个脸吧。」
Ushiromiya Natsuhi,「我们已经准备好相应的问题了。」
Ushiromiya Krauss,「是由我先出啊。还是你先来？」
Ushiromiya Natsuhi,「那么我先来吧。」
Ushiromiya Krauss,「嗯。」
Ushiromiya Natsuhi,「请听好我所说的话。白黑白黑白？黑白黑白黑白。」
Ushiromiya Ange,「诶？白黑白黑…，……诶？？」
Ushiromiya Natsuhi,「我再说一遍。白黑白黑白？黑白黑白黑白。……这个？里要填入什么呢。」
,这真是，……好大个难题啊。
,白黑白黑白？黑白黑白黑白。
,看起来是黑白互相交叉排列，但？却夹在白和黑之间。
,答案是，……灰色？？会是这么单纯的问题么…？
Ushiromiya Eva,「这，……夏妃姐出的这未免也太难了点吧……」
,连绘羽姑母都抱怨。看来，真的是很难。
Ushiromiya Natsuhi,「有，有这么难吗…？」
Ushiromiya Krauss,「……对没有经验的人来说可能会完全不懂呢。」
Ushiromiya Natsuhi,「且不论绘羽，小缘寿的话，在学校和幼儿园应该经常见到过……」
Ushiromiya Eva,「什，什么啊，是说我绝对答不出来吗？！」
,是个比起绘羽姑母，我更能理解的问题吗……？
,……好难。
Ushiromiya Eva,「提示是夏妃姐说的，应该是在学校和幼儿园曾经见过的东西。……小缘寿知道吗？」
Ushiromiya Ange,「不，完全不知道。」
Ushiromiya Eva,「看，小缘寿也说完全不知道呀？！再给点提示行不行。」
Ushiromiya Natsuhi,「这，这样啊。那么，提示是……。白黑白黑……，虽然有很多，但是不论按下哪个，都会发出好听的声音来。」
Ushiromiya Eva,「好听的声音……？这个白黑是会发声的东西吗？」
Ushiromiya Ange,「按下去就会出声的白黑……？」
Ushiromiya Ange,「…………不知道。」
Ushiromiya Eva,「我也是，投降了。……夏妃姐居然会知道这么难的问题。」
Ushiromiya Krauss,「哈哈哈哈哈。这是教养上的问题嘛。对你来说可能是太难了。」
Ushiromiya Eva,「你，你说什么——————…？！」
Ushiromiya Ange,「……夏妃伯母。告诉我答案吧？」
Ushiromiya Natsuhi,「答案是，键盘哟。」
Ushiromiya Ange,「键盘？钢琴这种的？」
Ushiromiya Natsuhi,「是的。白黑白黑是键盘的颜色排列。这么说，你就应该知道答案了吧。」
,夏妃伯母微笑着这么说，但是我不太记得键盘的排列。
,……嗯，遗憾。
,下一个挑战藏臼伯父的问题，来挽回名誉吧。
Ushiromiya Eva,「好了。下一个轮到哥了哟？我和小缘寿会立马答出来，把你打个落花流水哦？」
Ushiromiya Ange,「这个白黑白黑是，……是键盘！和钢琴的一样！」
Ushiromiya Eva,「啊，……是这样？！这是，键盘啊？！」
,在幼儿园和学校都有的，排列着很多白黑白黑的东西。
,那是乐器。{n}就是指，键盘口风琴和钢琴的琴键。
Ushiromiya Eva,「两个黑键是，哆来咪之间。3 个黑键是法嗦啦西之间……」
Ushiromiya Ange,「白黑白黑白？黑，所以……，白的 3 个是哆、来、咪……」
Ushiromiya Eva,「没有咪和发之间的黑键。咪的旁边就是发！」
Ushiromiya Ange,「就是说，这个？是咪的后面，答案就是“发”。……也就是也就是，」
,「「答案是，白！」」
Ushiromiya Natsuhi,「答对了。我还觉得可能出得太难了，真不愧是小缘寿呢。」
Ushiromiya Krauss,「干得不错嘛，你们俩。是吧，夏妃。」
Ushiromiya Natsuhi,「恭喜你，小缘寿。这是我的金币。」
Ushiromiya Ange,「做到了！绘羽姑母，又攒到 1 枚了！」
Ushiromiya Eva,「很顺利呢。那，下一个轮到哥来了。我们会立马答出来，打你个落花流水哟？」
Ushiromiya Krauss,「那可正好。我就让你回击不成反遭殃。」
Ushiromiya Ange,「别这样，绘羽姑母，不要挑衅嘛。问题会变难的！」
Ushiromiya Krauss,「呵呵呵呵呵呵。要恨就去恨绘羽吧！来接招吧，是难题！这是和我的投资有关的大楼的承租者们相关的问题。」
Ushiromiya Ange,「也不知道是哪里的大楼，怎么可能知道……」
,已经知道 12 层以上都是什么了，答案是 1 层到 11 层之间的某一层。这肯定没错。
Ushiromiya Krauss,「呼呼呼呼。要投降吗？」
Ushiromiya Eva,「怎、怎么可能会投降啊，唧——！！是问村越出版在几层吧？！」
Ushiromiya Krauss,「不是几{ruby:kai:层}。是几{ruby:gai:层}。」
Ushiromiya Ange,「不论哪个不都是“层”么…？」
Ushiromiya Eva,「……啊。……………………………」
,绘羽姑母突然像是来了灵感。{n}然后一边弯着手指，从 1 层开始按顺序数了起来……。
Ushiromiya Eva,「我知道了，小缘寿…！从 1 层开始按顺序，出声读出来…！就只有 1 个！」
Ushiromiya Ange,「诶？什、什么意思……？」
Ushiromiya Ange,「………不知道。」
Ushiromiya Eva,「这个，并不是几{ruby:kai:层}，而是问几“{ruby:gai:层}”，这里是重点吧？」
Ushiromiya Krauss,「对。某种意义上，在出题的时候答案就已经揭晓了。」
Ushiromiya Ange,「怎么回事…？」
Ushiromiya Eva,「举个例子吧，不是有 14 层吗？14 层既能念 14 {ruby:kai:层}也能念 14 {ruby:gai:层}对吧？但是 1 层就念作 1 {ruby:kai:层}，不念作 1 {ruby:gai:层}。」
Ushiromiya Krauss,「就是这样。从 1 层到 11 层之间，读作 gai 的就只有一个。」
Ushiromiya Ange,「啊，………啊——…………」
,我到现在才知道答案是什么。
,要是在听题的时候，能注意到藏臼伯父那细微的发音的违和感的话……。
Ushiromiya Krauss,「哈哈哈哈哈。抱歉了。伯父的金币，不能给你了。」
Ushiromiya Ange,「3 层！」
Ushiromiya Krauss,「唔。」
Ushiromiya Eva,「漂亮，答对了…！从 1 层到 11 层之间，读作 gai 的就只有 3 {ruby:gai:层}。」
Ushiromiya Ange,「嗯！只有 3 层读作 3 gai，其余的到 11 层都读作 kai。」
Ushiromiya Krauss,「挺，……挺能干的嘛…。明明我当时在知道答案之前都完全不明白……」
,看来，藏臼伯父是过去被人问过这个问题，回答不出来的样子。
,这题被我给答了出来，他似乎有些不服气。
,……好像不是对我，而是不服气被绘羽姑母给答对。真奇怪。
Ushiromiya Eva,「好了。赶紧把金币交出来吧。」
Ushiromiya Krauss,「这是对小缘寿的智慧进行评判的金币。不是给绘羽你的。」
Ushiromiya Eva,「哼，还不服输…！」
Ushiromiya Ange,「谢谢你，藏臼伯父。缘寿很厉害？缘寿很厉害？！」
Ushiromiya Krauss,「嗯。你的头脑可比伯父的灵活多了。有你这个侄女，我都觉得骄傲。」
Ushiromiya Natsuhi,「这样，我们的问题就出完了。」
Ushiromiya Krauss,「能让你高兴就好啊。」
Ushiromiya Ange,「嗯。谢谢，夏妃伯母，藏臼伯父。」
Ushiromiya Krauss,「但愿你不要太在意金币的枚数，而是从大家的奇问难问中得到乐趣。」
Ushiromiya Natsuhi,「愿今晚，能够成为只属于你的美妙之夜。」
Ushiromiya Eva,「那是相当开心呢，我们两个。」
Ushiromiya Ange,「嗯！我们俩，特别开心！」
,藏臼和夏妃微笑着，目送两人远去。
{f:5:Beatrice},「哦哦，夏妃啊。怎么样啊，汝等的提问？」
Ushiromiya Natsuhi,「我们两个都是精心挑选了和我们相应的题目，……不知是否令她们开心了。」
,对面，缘寿和绘羽正在数已经得到的金币数量。
,缘寿和绘羽。……虽然是个不可思议的组合，但看起来还是很高兴。
{f:5:Beatrice},「……没有血缘关系的，未来的母女俩吗。现在看起来，也很像真正的母女俩啊。」
Ushiromiya Natsuhi,「是啊。………牵绊是由心来孕育的，血缘关系则是其次了。」
,夏妃这么说着，……将自己的话语细细品味，独自俯下身子。
{f:5:Beatrice},「怎么了？」
Ushiromiya Natsuhi,「………我只是吃惊，……自己竟然能说出这样的话来。」
{f:5:Beatrice},「……………………。……妾身的事，无需在意。」
Ushiromiya Natsuhi,「就因为我拒绝了你，……你在许多的世界中都，受了很多苦…。……这全都是，我的责任…」
{f:5:Beatrice},「汝的心情妾身理解。……身不能孕，多年来都抬不起颜面。就在那时突然被交予了一个不知哪里来的婴儿，还被要求收作养子，会受打击是肯定的。」
Ushiromiya Natsuhi,「……即便如此，……这也无法成为把你推下山崖的理由…」
{f:5:Beatrice},「也是啊。这是，汝这一生，必须背负的十字架吧。」
Ushiromiya Natsuhi,「……是的。我已经做好觉悟了…」
{f:5:Beatrice},「那么，要苛问汝的，是这十字架。而不是妾身。」
Ushiromiya Natsuhi,「你是说，……你不恨我吗…？」
{f:5:Beatrice},「对，别这么沮丧啊。……不不，应该是反过来。看到汝这沮丧的样子，妾身就不会想要归咎于汝。汝只要还继续背负着这十字架。妾身就不会恨汝。」
Ushiromiya Natsuhi,「你是说，……你不恨这样的我吗……」
{f:5:Beatrice},「其实真的很恨哦？超恨的说。恨到把汝的抱枕吊起来当沙袋打啊！」
{f:5:Beatrice},「但是，看到汝这样，妾身就没这个打算了。……汝在悔恨，在后悔。然后这份心情，汝肯定一生都不会忘记。」
Ushiromiya Natsuhi,「怎么可能会忘……。……因为我是个，杀人犯啊………」
{f:5:Beatrice},「背负上了个沉重的十字架啊。现在真是同情汝。是真的哦？因为，这全都是金藏的错嘛。」
{f:5:Beatrice},「是他搞出私生子来不对！而且还交给汝更是大错特错！不应该说什么因为生不出孩子就收作养子，而应该用不会伤害汝的说法，比如能养育这个可怜的孩子吗什么的。所以说男人啊，金藏啊…！」
Ushiromiya Natsuhi,「…………………………」
{f:5:Beatrice},「妾身已经不恨汝了。即便如此，汝的十字架也不会变轻吧。」
Ushiromiya Natsuhi,「是的。……因为我还不知道，该做些什么来偿还你。」
{f:5:Beatrice},「那，就这么办吧。把双臂伸开。」
Ushiromiya Natsuhi,「诶，……诶？是，……是这样吗……？」
,夏妃怯生生地伸开了双臂，然后贝阿朵飞扑了过去，紧紧地抱住了夏妃。
Ushiromiya Natsuhi,「……那，那个，……这，这是………」
{f:5:Beatrice},「妾身不会说第二遍，所以就说一次。……妾身啊，连自己的母亲都没有见过嘛。」
,贝阿朵抱着夏妃，小声地说。{n}对夏妃说着，绝对不会再度说出的话语…。
{f:5:Beatrice},「谢谢汝为了妾身而忏悔。……不过啊，妾身已经不恨汝了啊？这点汝一定要相信哟。…………妈妈。」
Ushiromiya Natsuhi,「……贝，………贝阿朵莉切……………」
