Speaker,Brazilian Portuguese (PT)
,"Quando seu castelo é atacado, o verdadeiro inimigo não é o medo invisível.{n}Mas se manter nessa situação eternamente."
,"Maria tinha ficado entediada e começou a fazer um alvoroço porque queria assistir televisão. Como não havia televisão no lobby, ela decidiu retornar ao quarto dos primos no andar de cima."
,"Os adultos provavelmente não queriam deixar Maria por conta própria, entre outras razões. Eles disseram para todas as crianças irem ao quarto dos primos no andar de cima."
,"George, com o coração ferido pela perda de sua noiva, não tinha força de vontade para resistir àquilo, e guiou os primos para cima."
,"De início, Nanjo estava lendo um livro no lobby, mas quando ele percebeu que os parentes pareciam querer falar sobre algo sombrio, ele disse ""Parece que estou atrapalhando..."" e voltou para seu quarto no andar de cima."
Ushiromiya Rudolf,""".........Estou faminto. E se eu continuar apenas sentado por aí, meu sono ficará ainda pior."""
Ushiromiya Rosa,"""É algo natural. Pois não dormimos na noite passada."""
Ushiromiya Krauss,"""...Provavelmente vamos acabar entrincheirados aqui por 24 horas inteiras.{n}Pode ser mais sábio tirar cochilos em turnos, em vez de nos estressarmos em demasia."""
Ushiromiya Natsuhi,"""Concordo. Meu marido e eu vamos ficar aqui, então qualquer um que ache isto difícil deve descansar sem abusar."""
Ushiromiya Eva,"""O culpado pode estar esperando por isso, sabiam? Talvez ele não seja capaz de derrotar esse tanto de pessoas, mas se o número for reduzido até uma certa quantidade, ele pode usar isso a seu favor."""
Ushiromiya Kyrie,"""Há sete de nós aqui. Dois de nós poderiam descansar por três horas de cada vez. ......É um longo tempo até amanhã de manhã. Ainda temos alguma energia agora, mas esta noite vai ser difícil."""
Ushiromiya Hideyoshi,"""Com certeza. Alguém está com sono? Não se forcem, descansem."""
,"Hideyoshi olhou ao redor em direção a todos para ver quem queria dormir primeiro, mas ninguém se voluntariou."
,"...Todos estavam muito cansados, mas ninguém era corajoso o suficiente para ser capaz de dormir agora. ......O medo que todos tinham do culpado desconhecido era tão forte quanto o sono deles."
Ushiromiya Hideyoshi,"""......Ninguém? Bem, não se forcem, pessoal."""
Ushiromiya Eva,"""Se ficarmos com sono, podemos pensar sobre isso então. ......Certamente estou cansada, mas não estou no clima para dormir agora."""
,"Eva falou de forma afiada, e então leu mais uma vez a segunda carta de {f:5:Beatrice}, que tinha sido encontrada na sala da caldeira."
,{f:5:Beatrice} havia enviado duas cartas a eles e dito repetidas vezes para resolverem o enigma do epitáfio.
,"E até mesmo os provocou dizendo que desistiria da herança, tantos dos bens como a liderança da família, se o enigma pudesse ser resolvido..."
,Eva puxou um caderno e abriu na página onde o epitáfio tinha sido copiado.
Ushiromiya Kyrie,"""............Esse é o epitáfio?"""
Ushiromiya Eva,"""Sim. ......Apesar de ser perturbador fazer o que o culpado quer, temos tempo para desperdiçar. Acho que é a forma perfeita de protelar o tédio."""
Ushiromiya Krauss,"""...Não é um jeito ruim de matar o tempo. Por que não desafiamos o enigma juntos, como irmãos?"""
Ushiromiya Kyrie,"""......Eu posso pegar isso emprestado? Vou reescrevê‐lo só um pouco maior. Natsuhi‐san, você tem um pedaço de papel um pouco maior?"""
Ushiromiya Natsuhi,"""Deve ter papel na sala dos serviçais. Vou buscar algumas folhas."""
,Natsuhi imediatamente trouxe uma folha de papel B4 em branco da sala dos serviçais.
,"Kyrie pegou emprestado o caderno diário de Eva, escreveu o epitáfio no papel, e o estendeu na mesa."
,Todos imediatamente olharam para ele.{n}...Todos começaram a se amontoar naturalmente.
Ushiromiya Hideyoshi,"""Eu ouvi sobre isso, mas......realmente, este é um enigma difícil. Não faço ideia do que isso quer dizer."""
Ushiromiya Rosa,"""Em certo momento, também fiz meu melhor para desafiá‐lo, mas fiquei completamente sem ideias."""
Ushiromiya Rudolf,"""Se soubéssemos, não teríamos percorrido todo o caminho até aqui com um plano para conseguir dinheiro. Afinal, são dez toneladas de ouro."""
Ushiromiya Kyrie,"""............Esta é a primeira vez que li isto seriamente, mas......falando de modo simples, o enigma não poderia ser dividido em três partes?"""
Ushiromiya Krauss,"""...Estive pensando nisso desde a noite passada, mas você realmente parece ser uma pensadora sagaz, Kyrie‐san. É possível que possa resolver facilmente este enigma que não conseguimos."""
Ushiromiya Rudolf,"""Sim. A Kyrie é afiada. ......Ela pode ser capaz de enfrentar o enigma de uma forma interessante se não dermos a ela nenhuma pré‐concepção estranha."""
Ushiromiya Eva,""".........Sim. Kyrie‐san. Você nos deixará ouvir seus pensamentos honestos, tendo lido o epitáfio?"""
Ushiromiya Kyrie,"""Acho que provavelmente não serei muito útil para vocês. Todos me dão crédito demais."""
Ushiromiya Rudolf,"""De forma alguma, qualquer coisa que vier à sua mente vai ser útil. Deixe‐nos ouvir o que você tem a dizer. ......Suas dicas sempre me ajudam quando estou preocupado."""
Ushiromiya Kyrie,"""Ora, então elas foram úteis? É bom finalmente ouvir a respeito disso."""
Ushiromiya Rudolf,"""Chega disso, vamos, eu não agradeço sempre?"""
Ushiromiya Rosa,"""Vocês dois se dão tão bem. Fico até com inveja."""
Ushiromiya Eva,"""E o resto de nós também amaria aceitar suas dicas. Está tudo bem, estamos só matando o tempo de qualquer forma, então por que não relaxamos?"""
,Kyrie ficou surpresa com os elogios que ela estava recebendo repentinamente.
,"...Mas eles tinham bastante tempo. Ela percebeu que esta era só uma forma de desperdiçar o tempo, e decidiu aceitar o papel que foi imposto a ela..."
Ushiromiya Kyrie,"""......Tenho certeza que direi algo fora da curva, mas...bem, irei seguir com meu raciocínio."""
Ushiromiya Krauss,"""Mmhm. ......O que você quis dizer antes, falando de modo simples, sobre como ele poderia ser dividido em três partes?"""
Ushiromiya Kyrie,"""Bem...exatamente o que significa.{n} Acho que, de forma geral, o epitáfio pode ser dividido em três partes."""
Ushiromiya Kyrie,"""Em primeiro lugar, há cinco linhas até a parte que inclui ""Lá dorme a {loghint:kagi:chave} para o {loghint:ougon:ouro}"".{n} Até este ponto é a primeira parte, que aponta para a localização da chave."""
Ushiromiya Kyrie,"""E então temos a parte formada pelas onze linhas até o décimo crepúsculo, que se referem à localização da {loghint:ougonkyou:Terra Dourada} em si."""
Ushiromiya Kyrie,"""E as seis linhas restantes formam a parte depois da Terra Dourada ter sido alcançada."""
Ushiromiya Natsuhi,"""Entendo. A chave, a Terra Dourada e o {loghint:takara:tesouro} da Terra Dourada; ele pode ser dividido nessas três partes."""
Ushiromiya Krauss,"""Até nós fomos capazes de compreender esse tanto. As três seções se referem à chave, à porta e ao tesouro."""
Ushiromiya Eva,"""...Nii‐san, não se intrometa mais do que deve! Deixe a Kyrie‐san expor suas ideias livremente."""
Ushiromiya Rudolf,"""Kyrie. Por favor, continue. ......Reconhecemos a mesma coisa quanto ao que você disse. E então?"""
Ushiromiya Kyrie,"""......Me pergunto o que aquela coisa no início, a ""{loghint:natsukashiki:amada} {loghint:kokyou:cidade passada}"", significa. Pensando nisso normalmente, não pode ser uma referência ao lar do vovô?"""
Ushiromiya Kyrie,"""Como ele mencionou explicitamente como sendo a {loghint:natsukashiki:amada}, posso imaginar que é um lar no qual ele detinha de profundos sentimentos. ......O pai não veio de Odawara?"""
Ushiromiya Eva,""".........Odawara definitivamente é onde ele nasceu, mas eu não acho que este lar que o pai amava seja Odawara. Acredito que todos nós irmãos estejamos pensando no mesmo lugar."""
Ushiromiya Rosa,"""...Sim. Esta provavelmente não é Odawara. Pelo que ouvi, ele se divertiu muito quando era jovem."""
Ushiromiya Rudolf,"""Hahhaha. ...O maior azar do pai em sua vida provavelmente foi ter sido escolhido como o chefe da família Ushiromiya."""
Ushiromiya Krauss,"""......Provavelmente. O pai realmente não queria se tornar o chefe da família Ushiromiya."""
Ushiromiya Kyrie,"""Então, onde é? E lá tem um {loghint:kawa:rio} onde os ayus nadam?"""
Ushiromiya Eva,"""......Talvez tivesse na época. Tenho certeza de que há bastante desenvolvimento por lá agora, então os ayus podem ter desaparecido. Poderia ser extremamente difícil investigar se haviam ayus lá durante o tempo em que o vovô era um garoto."""
Ushiromiya Krauss,"""Além disso, não há apenas um rio. Acredito que todos nós investigamos minuciosamente em um sentido geográfico. ......Você até foi ao local para investigar diretamente, não foi, Eva?"""
Ushiromiya Eva,"""Aquilo foram apenas férias. ......Mas a paisagem urbana mudou completamente desde o tempo do pai. Afinal, houve uma guerra no meio. Foi impossível até mesmo descobrir onde o pai chegou a morar. ...Provavelmente, mesmo se o pai se arrastasse até o lugar, agora, nem ele seria capaz de determinar onde foi que ele viveu."""
Ushiromiya Rudolf,"""Teve um renascimento memorável por lá, afinal..."""
Ushiromiya Kyrie,"""............Nenhum lugar vem claramente à mente depois de ouvir ""{loghint:ayu no kawa:rio dos ayus}""?"""
Ushiromiya Rudolf,"""Claro que não. Quero dizer, são ayus, certo? As pessoas dizem que eles vivem em rios com {loghint:mizu:água} {loghint:kirei:limpa}, então há incontáveis rios que poderíamos escolher. Qualquer {loghint:ogawa:corrente} em que o pai ia inocentemente {loghint:ayuzuri:pescar ayus} provavelmente foi enterrada pelo desenvolvimento posterior. Seria diferente se tivéssemos um mapa de antes da guerra ou uma pessoa que soubesse bastante sobre como a área era antes da guerra, mas..."""
Ushiromiya Kyrie,"""......Provavelmente não é algo assim."""
Ushiromiya Krauss,"""O que você quer dizer...?"""
Ushiromiya Kyrie,""".........O rio dos ayus passa pela minha amada cidade passada. Aqueles que almejam pela Terra Dourada, sigam rio abaixo e procurem pela chave. ...Depois dessas duas linhas, há uma única linha em branco."""
Ushiromiya Kyrie,"""...Algo está sendo apresentado só com essas duas linhas. Eu suporia que as três linhas seguintes continuam baseadas em algo desse tipo."""
Ushiromiya Hideyoshi,"""Eu me pergunto o que é que está sendo apresentado, então...?"""
Ushiromiya Kyrie,"""......Eu não sei. Em qualquer caso, depois dessas duas linhas, não é algo vago como se você não soubesse qual é o rio...você é capaz de diminuir as opções e dizer especificamente de qual ""{loghint:kawa:rio}"" o epitáfio está falando."""
Ushiromiya Kyrie,"""......Pode ser que este não seja um ""rio"" com água fluindo nele. ...O ""rio de ayus"" poderia ser algum tipo de metáfora. ......A palavra ayu remete a que tipo de imagem?"""
Ushiromiya Hideyoshi,""".........Ayus são como {loghint:shake:salmões}. Eles são {loghint:tansui‐gyo:peixes de água doce}, mas vão para o {loghint:umi:mar} logo depois que nascem. E quando ficam grandes, eles retornam ao rio para morar nele, e então eles {loghint:sanran:proliferam} ali e terminam suas vidas ali."""
Ushiromiya Hideyoshi,"""Bem, eles deixam seu lar em algum momento, mas a parte sobre eles crescendo e voltando para ele a fim de pôr seus {loghint:tamago:ovos} pode ser um tipo de imagem de prosperidade familiar."""
Ushiromiya Rudolf,"""Hã? Eles são peixes de água doce, mas conseguem viver no {loghint:kaisui:oceano}? Eu não sabia disso. Pensei que eles eram {loghint:kawa‐zakana:peixes de rio}, então não poderiam ir para o mar."""
Ushiromiya Natsuhi,"""E eles também são chamados de {ruby:kougyo:{p:0:香魚}} (peixes aromáticos) porque têm um cheiro agradável. Nunca comi um, mas ouvi que são muito deliciosos quando {loghint:shioyaki:grelhados com sal}."""
Ushiromiya Hideyoshi,"""Como assim, Natsuhi‐san? Você nunca comeu ayus grelhados com sal?! Eles são deliciosos! Vou te comprar um alguma hora!"""
Ushiromiya Krauss,"""É uma comida para plebeus. Não é apropriada para sua boca."""
Ushiromiya Rosa,"""......Esta é só uma ideia maluca minha, ...mas a imagem que tenho de um rio de ayus me fez suspeitar de uma {loghint:kakeizu:árvore genealógica} antes. Os ayus vão para o oceano por um tempo, mas eles retornam ao rio onde nasceram para se proliferarem, certo? .........Isso me faz pensar sobre eu mesma."""
Ushiromiya Eva,"""......Você está certa. Posso confessar agora...que às vezes suspeitei que isso se referia a você e Maria‐chan."""
Ushiromiya Krauss,"""Entendo. ......Quando você descer o rio, encontrará um vilarejo. O único ""vilarejo"" ({ruby:sato:{p:0:里}}) que você vai encontrar descendo a árvore genealógica é aquele no nome da Maria ({p:0:真里亞})."""
Ushiromiya Rosa,"""Não é?! ......Mas como todos vocês sabem, o pai não gosta da Maria, e ele quase nunca falou com ela."""
Ushiromiya Rosa,"""Além disso, uma vez o pai disse para dar à Maria um nome completamente diferente. Eu escolhi Maria por conta própria. O pai ficou muito bravo por causa disso."""
Ushiromiya Rosa,"""......Se você pensar sobre a história, eu realmente não posso imaginar que ele iria se referir ao nome da Maria em seu precioso epitáfio sobre quem herdaria a fortuna dele e a liderança da família."""
Ushiromiya Kyrie,"""Você já deixou Maria‐chan ler o epitáfio?"""
Ushiromiya Rosa,"""S‐Sim. É claro. Mas ela não pareceu entender. ......Ela não fazia nenhuma ideia do que seria, e continuou falando sobre aquelas coisas de ocultismo, sobre como o epitáfio era uma {loghint:gishiki:cerimônia} de {loghint:fukkatsu:ressurreição} para a bruxa."""
Ushiromiya Krauss,"""............Uma conexão entre o pai e a Maria? ...Sem dúvida, os dois compartilham aquele hobby ocultista, mas nunca interagiram. ...Também não consigo imaginar que ele estivesse se referindo à Maria."""
Ushiromiya Kyrie,"""......O que mais me interessa é o fato de que ele adicionou explicitamente a palavra ""{loghint:natsukashiki:amada}"" no início. ......Como todos vocês disseram ainda há pouco, se o pai estava relutante em se tornar o chefe da família Ushiromiya, ele descreveria isso dessa forma? ...Não acho que seja Odawara, o que apontaria de volta para a {loghint:honke:família principal} Ushiromiya."""
Ushiromiya Kyrie,"""......Acredito que esta palavra ""amada"" aqui no início...definitivamente se refere a um lugar cheio de memórias muito importantes para o pai."""
Ushiromiya Rudolf,"""...............Hmmmmmm. ...Bem, está certo. Seria difícil apontar como não temos um mapa daquele tempo, mas de qualquer forma, provavelmente havia diversos rios com ayus nadando neles próximos à casa do pai durante a juventude dele."""
Ushiromiya Eva,"""Isto é se for um rio com água fluindo nele, certo?{n}E então? Continue, Kyrie‐san."""
Ushiromiya Kyrie,"""......Não entendo realmente as três linhas começando com ""Quando você descer o rio, encontrará um vilarejo"". ...Essas provavelmente estão acopladas com as duas linhas sobre o rio de ayus."""
Ushiromiya Kyrie,"""Provavelmente é algo que entenderíamos automaticamente se soubéssemos o que o rio de ayus realmente é. ...Contanto que entendamos isso, provavelmente é inútil tentar resolver essas três linhas ainda mais."""
Ushiromiya Rudolf,"""Então estamos sem rumo a menos que saibamos o que o ""rio de ayus"" realmente é... E não há garantia que ele ao menos signifique literalmente um rio."""
Ushiromiya Rudolf,"""...Sinceramente. Que diabos o epitáfio quer dizer com ayus? Eles eram o {loghint:koubutsu:prato favorito} do pai? Ou há algum significado especial? É inútil pensar muito profundamente nisso?"""
Ushiromiya Eva,"""...Se você não tem ao mesmo uma perspectiva micro e uma macro, seu campo de visão fica estreito. ......Não pense muito profundamente, sobre um rio com {loghint:sakana:peixes} nadando nele, ou algum tipo de {loghint:nagare:fluir}, ...algo que você possa {loghint:kudaru:descer} ou {loghint:noboru:subir}, mantenha esses tipos de imagens abstratas em mente e podemos ser capazes de ter mais ideias fora da caixa."""
Ushiromiya Rosa,"""E, nas três linhas que se seguem, a resposta para o ""rio de ayus"" termina na ""chave para a Terra Dourada""..."""
Ushiromiya Kyrie,"""Se você pensar dessa forma, me pergunto se foi um engano dividi‐lo em três partes. Na verdade, há quatro partes. ......‘Descer o rio de ayus’, ""encontrar a chave para a Terra Dourada"", ""jornada à Terra Dourada"", e ""o tesouro da Terra Dourada""."""
Ushiromiya Krauss,"""Hummm... Realmente interessante. Enquanto temos esta oportunidade, você se importaria de continuar e nos contar sua opinião sobre a porção central do {loghint:hibun:epitáfio}, até o {loghint:dai‐juu no ban:décimo crepúsculo}, quando chegamos à Terra Dourada?"""
Ushiromiya Rosa,"""......Essa é a parte mais simbólica... e também a mais perturbadora."""
Ushiromiya Eva,"""Como ele continua mencionando a palavra {loghint:ikenie:sacrifício}, não consigo evitar de pensar que tem algo a ver com os {loghint:gishiki:rituais} ocultistas do pai... .........Como você vê isso, Kyrie‐san?"""
,"Kyrie cruzou seus braços diversas vezes, fitando o papel com o epitáfio copiado, como se estivesse olhando através dele..."
Ushiromiya Kyrie,"""........................... .........Isto é... muito difícil. ...Começando com ""Aquele que {loghint:te:obtiver} a chave"", isso provavelmente quer dizer que você não será capaz de continuar sem entender o que é a chave. ...Terei que desistir dessa parte, mas tentarei de qualquer forma."""
Ushiromiya Eva,"""......Assim como o ""rio de ayus"" não é necessariamente um rio com água fluindo nele, também é duvidoso de que a ""chave"" seja realmente algo com forma de chave."""
Ushiromiya Kyrie,"""Certo. Também há a possibilidade de que seja uma espécie de código ou uma palavra‐chave. ......Afinal, esta chave não é algo para ser enfiado em uma fechadura. É algo que seleciona as seis pessoas para serem sacrifícios para o primeiro crepúsculo."""
Ushiromiya Kyrie,"""Nesse sentido, podemos afirmar que esta chave não é algo para abrir a porta para a Terra Dourada."""
Ushiromiya Natsuhi,"""......Mas que chave perturbadora. Uma chave que consegue selecionar seis pessoas para serem os sacrifícios..."""
Ushiromiya Hideyoshi,"""Como uma chave {loghint:erabu:selecionaria} alguma coisa? ...Ela gira como uma roleta...?"""
Ushiromiya Kyrie,"""Esta chave aponta em direção a um certo grupo específico de {loghint:roku‐nin:seis pessoas}. ......Não, deveríamos dizer que ela aponta para um certo grupo específico de {loghint:muttsu:seis coisas}. ......Se isto não significar um comando literal para oferecer sacrifícios. ...Por exemplo, poderia ser um anagrama."""
Ushiromiya Krauss,"""Um anagrama? Você quer dizer um jogo de palavras...?"""
Ushiromiya Kyrie,"""Sim. Desde que Rosa começou a falar sobre a árvore genealógica e como ""vilarejo"" era parte do nome de Maria‐chan, isto esteve passando pela minha mente constantemente."""
Ushiromiya Kyrie,"""......Parece como se o Rudolf‐san, por exemplo, correu com as palavras ""amada cidade passada"", e está assumindo que isso tem algo a ver com {loghint:chikei:geografia} ou {loghint:zahyou:coordenadas}, mas isso pode não ser verdade. Isto poderia ser algum tipo de quebra‐cabeça, ...ou talvez uma brincadeira com caracteres."""
Ushiromiya Natsuhi,"""......Desculpe. O que você quer dizer com brincar com caracteres?"""
Ushiromiya Rudolf,"""Ah, é como ""pegada danada da daminha picada"".{n}O que te sobra depois que você tira os ‘da’? Tipo isso. Você foi bem educada, Natsuhi‐san, por isso não deve conhecer essa."""
Ushiromiya Natsuhi,"""Tirar os ‘da’? Hã? ???"""
Ushiromiya Krauss,"""Não tente. É uma brincadeira indigna, inapropriada para você."""
,Apenas Natsuhi não compreendeu e tinha um olhar vazio em seu rosto.
,"Parecia que ela tinha suposto que a resposta deveria ser algo indigno, logo após ouvir os risinhos de Rudolf e Eva."
Ushiromiya Rosa,"""Ah, ...Natsuhi nee‐san, é algo assim! Tem algo parecido no livro de enigmas da Maria. Sabe aquela coisa chamada de Caderno Tanuki?"""
Ushiromiya Rosa,"""É um caderno escrito em algum tipo de código, com um monte de ""ta"" misturados, e se você ""{ruby:nuki:remover}"" todos os ""ta"", as verdadeiras frases surgem. É um jogo desse tipo."""
Ushiromiya Natsuhi,"""Ah......agora eu entendi. .........??"""
,"Natsuhi finalmente percebeu a resposta para o enigma indigno que Rudolf havia proposto e seu rosto ficou vermelho enquanto ela abaixava a cabeça, constrangida."
Ushiromiya Eva,"""...............Então, é possível que essa parte de ""remover"" possa estar representada por ""{loghint:korosu:matar}""...?"""
Ushiromiya Kyrie,"""Sim. Eu estava pensando nisso também. É possível que a chave para a Terra Dourada seja uma palavra com {loghint:roku‐moji:seis caracteres}."""
Ushiromiya Hideyoshi,"""Em outras palavras, ...o ""ta"" do Caderno Tanuki...é, na verdade, seis caracteres aqui...? Hmmm, ...isso está ficando complicado..."""
Ushiromiya Krauss,"""Brincar com letras, é...? ......Hmmm. No Japão, isso realmente parece um jogo de criança, mas parece que essa é uma forma estilosa de humor entre intelectuais no mundo falante de inglês. ...É fácil imaginar o pai se interessando por isso."""
Ushiromiya Kyrie,"""......Mas nessa parte aqui, eu rapidamente perdi minha habilidade de entender. Até este ponto, enquanto ele estava cheio de mistério, era extremamente sequencial."""
Ushiromiya Kyrie,"""‘Rio de ayu’, ""siga‐o"", ""então encontre a chave"" é tudo extremamente sequencial.{n}E podemos adivinhar que ganhamos uma chave de seis caracteres como um resultado, ......mas nesse caso, não sabemos {i:do que} matamos os seis caracteres."""
Ushiromiya Rudolf,"""Esse é um ponto. Do que subtraímos os seis caracteres? Ele não nos diz."""
Ushiromiya Kyrie,"""...No segundo crepúsculo, diz ""{loghint:nokosareshi mono wa:os remanescentes}"". ......O que significa que, no mínimo, esse ""algo"" tem um número finito de caracteres. Você poderia ler como se estivesse lhe dizendo para continuar com os caracteres {loghint:nokotta:restantes} depois dos seis caracteres serem removidos."""
Ushiromiya Kyrie,""".........E ainda assim, não sabemos o que é este ""algo"", mesmo que ele devia ter sido mostrado a nós no início. ...Estávamos errados até em assumir que isto é brincar com letras...?"""
Ushiromiya Hideyoshi,""".....................hmmmmm..."""
,Todos cruzaram seus braços e caíram em silêncio.
,Parecia como se eles estivessem prestes a alcançar um novo entendimento que não tinham sido capazes antes...mas tropeçaram só a um passo disso.
,"Naquela hora, a barriga de Hideyoshi roncou animadamente."
,O silêncio até então foi quebrado pela risada.
Ushiromiya Hideyoshi,"""Desculpe, desculpe. Girando as engrenagens na minha cabeça para uma mudança, minha barriga ficou completamente vazia. Parece que pular o café da manhã realmente cobra seu preço em mim...wahahahahaha."""
Ushiromiya Krauss,"""Natsuhi. Não há nada aqui?"""
Ushiromiya Natsuhi,"""Deveria haver pelo menos o suficiente para o café da manhã. Vou preparar."""
Ushiromiya Rudolf,"""Também estou faminto. Aposto que aqueles pirralhos lá em cima estão famintos também. ...Mas duvido que tenha o suficiente para 18 pessoas aqui, e para três refeições."""
Ushiromiya Hideyoshi,"""Você está certo. Será uma maratona até amanhã. Pode ser melhor se fizermos uma viagem de volta à mansão e procurarmos por um pouco de comida enlatada ou algo assim na cozinha."""
Ushiromiya Natsuhi,"""Não há nada mais que biscoitos e petiscos, mas se estiver tudo bem, posso prepará‐los. Mas, com tantas pessoas, pode não sobrar nada para o almoço..."""
Ushiromiya Krauss,"""Isso estará bom por ora. Desculpe, mas você prepararia para nós?"""
,Parecia que os homens tinham sido tomados por um apetite que parava todo o pensamento.
,O clima ficou mais pacífico e o encontro de investigação do epitáfio se quebrou por enquanto.
,Mas Eva continuou encarando o papel em que o epitáfio estava escrito como se fosse queimar um buraco através dele...
Ushiromiya Kyrie,"""............Um jogo de palavras não foi nada mais que a minha teoria. Há uma chance de que eu estar enganada. Eva‐san, não leve isso tão a sério, certo...?"""
Ushiromiya Eva,""".........Obrigada. Isto é algo que decidi fazer por conta. Você se importaria de me deixar sozinha?"""
,Eva falou friamente.
,"...Kyrie não a incomodou mais, e foi ajudar Natsuhi a preparar o café da manhã."
Ushiromiya Rosa,"""Nee‐san. Não devíamos ajudar a preparar o café da manhã também?"""
Ushiromiya Eva,"""Então você vai ajudar. Estou ocupada resolvendo isso!"""
Ushiromiya Rosa,"""D‐Desculpe... E‐Então irei ajudar..."""
Ushiromiya Eva,""".........Sinceramente! Por que você é assim?"""
Ushiromiya Rosa,"""......Hã?"""
Ushiromiya Eva,"""A herança da família Ushiromiya será dada à pessoa que resolver este epitáfio. Você parece ter desistido desde o início, como se isso não tivesse nada a ver com você, mas se conseguisse resolvê‐lo, até você teria a oportunidade de herdar a liderança da família."""
Ushiromiya Eva,"""......Esta é uma chance para roubar tudo do nii‐san. Por que você não está tentando resolvê‐lo a sério, com essa chance única na vida?"""
Ushiromiya Rosa,"""...Bem, .........bem, ......eu......"""
,"Rosa abaixou sua cabeça, incomodada sobre como ela deveria responder.{n}...Ela se arrependeu, pela primeira vez depois de muito tempo, de falar de forma descuidada com a sua irmã quando a mesma estava de mau humor."
Ushiromiya Eva,"""Se você notou alguma coisa, diga. Mesmo que a Kyrie‐san e eu estivéssemos raciocinando seriamente, você só ficou assentindo com sua cabeça, não é mesmo? Vamos! Não tem alguma coisa que você percebeu? Vamos!!"""
Ushiromiya Rosa,""".........Hmm, .........bem, ......... ......Isso não é...estranho?"""
Ushiromiya Eva,"""...Estranho? O que é estranho?"""
Ushiromiya Rosa,"""Bem, ......esta palavra, {loghint:ougonkyou:Terra Dourada}. A palavra Terra Dourada aparece diversas vezes."""
Ushiromiya Eva,"""E daí? Você consegue algumas palavras‐chave dividindo os caracteres em ""Terra Dourada""?"""
Ushiromiya Rosa,"""Hmm, bem, não é isso. ......Olhe, só o décimo crepúsculo não é estranho?"""
Ushiromiya Eva,"""...............Hã? ......ah."""
Ushiromiya Rosa,"""Mesmo que esteja sempre escrito a ""Terra Dourada"" ({ruby:ougonkyou:{p:0:黄金郷}}), por alguma razão neste único lugar está como a ""Vila do Ouro"" ({ruby:ougon no sato:{p:0:黄金の郷}}). Ele explicitamente misturou o caractere {ruby:no:{p:0:の}}, mudando a pronúncia. Me incomodou vagamente que esteja dito diferentemente apenas aqui..."""
Ushiromiya Rosa,""".........Ah, bem, ...não é como se isso signifique algo. É do pai que estamos falando. Poderia ser só uma mudança coincidente em como ele disse a palavra."""
Ushiromiya Eva,""".........................................."""
{f:5:Beatrice},""".........Tedioso."""
{f:5:Virgilia},"""Oh? O que é tedioso...?"""
{f:5:Beatrice},""".........Tedioso, tedioso!"""
{f:5:Virgilia},"""Pois bem. Não tenho mais a mínima ideia do que esta criança está resmungando."""
Ronove,"""Ela provavelmente está insatisfeita que você deu várias dicas ao Battler‐sama, Madame."""
{f:5:Beatrice},"""......Até parece... Não estou insatisfeita com isso. Na verdade, estou {i:mais} satisfeita agora que aquele imprestável do Battler finalmente alcançou o nível onde ele consegue ir junto comigo."""
{f:5:Virgilia},"""Hoh‐hoh‐ho... Fui um pouco amigável demais com o Battler‐kun? Talvez fosse melhor se as pessoas velhas fossem embora e deixassem tudo para as crianças."""
Ronove,"""Pu ku ku ku ku..."""
,"Quando {f:5:Virgilia} e Ronove deram risadinhas e gargalharam, o medidor de irritação de {f:5:Beatrice} finalmente alcançou seu limite."
{f:5:Beatrice},"""Ahhhh, vocês dois estão juntando forças e rindo de mim! Ronove, esconda‐se por algum tempo! Vá embora, vá emboooora!"""
Ronove,"""Certamente. Então, vou descansar por um tempo. Pukkukukuku..."""
,"Ronove curvou sua cabeça, ainda rindo, e escondeu‐se."
,"Depois daquilo, tudo que permaneceu foi a figura de {f:5:Beatrice}, que estava rabugenta e irritada, e {f:5:Virgilia}, que estava friamente aproveitando seu chá."
{f:5:Virgilia},"""...............Quando você disse ""{p:1:Não há mais que 18 pessoas nesta ilha}"", você acabou por se encurralar."""
{f:5:Beatrice},""".........Realmente... ............Eu pensei que podia ter sido um {i:pouco} cedo demais, mas... ......Acho que realmente foi......"""
{f:5:Virgilia},"""Se você tivesse guiado‐o ainda mais para longe de antemão, as coisas poderiam ter sido diferentes, mas realmente foi um trunfo fútil. Ao invés disso, você o agitou."""
,"Em adição à condição de vitória dele de negar a bruxa, Battler tinha se agarrado a uma condição de vitória diferente, já que ele queria explicar as coisas sem suspeitar de nenhum dos 18."
,Ele não estava mais fraco quando estava sendo atirado por aí por essas duas metas opostas?
,"Porém, {f:5:Beatrice} havia usado o vermelho descuidadamente, e tinha proclamado que não havia mais que 18 pessoas."
,"...Por causa disso, Battler tinha sido forçado a suspeitar de um dos 18, .........e finalmente começado a construir a prontidão que ele precisava para aceitar isso."
,"Battler era teimoso, mas por causa disso, quando ele era atingido onde era frágil, fissuras rachariam por ele todo, como porcelana quebrando."
,Isso em si devia ter sido o maior ponto fraco dele...
{f:5:Beatrice},""".........Kuuuuuu. ......Talvez eu tenha ficado um tanto descuidada demais depois da minha vitória avassaladora da última vez......"""
{f:5:Virgilia},"""Sim, você foi descuidada demais. ...O último jogo foi difícil para o Battler‐kun, mas parece...que este jogo se provará difícil {i:para você}."""
{f:5:Beatrice},"""......Um vaso quebrado definitivamente nunca retornará à sua forma original.{n}...É mais construtivo pensar em seu próximo movimento do que ficar juntando seus pedaços, arrependida, sem saber quando desistir."""
{f:5:Beatrice},""".........Mas agora que o Battler tem todas as ideias certas em sua cabeça, o que eu devo armar para ele...?"""
{f:5:Virgilia},"""Hoh‐hoh‐ho. Seu rosto incomodado é um petisco ainda melhor que os cookies do Ronove."""
{f:5:Beatrice},"""......Uu. Você e o Battler, e até o Ronove, continuam me tratando como um petisco. ...Mesmo que eu não seja tãoooo doce."""
,"Com um rosto culpado e infantil, que ela nunca teria mostrado na frente de Battler, {f:5:Beatrice} rolou sua cabeça sobre a mesa."
{f:5:Beatrice},"""............Professoraaa. .........Pelo menos uma diiica."""
{f:5:Virgilia},"""Oh? Que tipo de dica?"""
{f:5:Beatrice},"""Se você conhecer um movimento habilidoso que deixará o Battler sem palavras, e fará ele querer me aceitar, não vou lhe pedir para dizer isso direto, então, bem, ...mesmo se for só uma dica..."""
{f:5:Virgilia},"""Hoh‐hoh‐ho, não posso. Estou agindo como aliada de Battler‐kun no momento, então não posso lhe ensinar algo que lhe daria uma vantagem."""
{f:5:Beatrice},"""...Você não tem que ser tão estrita... Sua pupila está em apuuuros..."""
{f:5:Virgilia},"""Acredito que você se gabou severamente que tinha ultrapassado sua professora, correto?"""
{f:5:Beatrice},""".........Uu... Por favor, aja como a velha que você é e me dê só um pouco da sua sabedoria afiada... Por favoor... É maldade ficar ajudando só o Battleeer..."""
{f:5:Virgilia},"""Poxa... Você ainda é uma criança mimada."""
{f:5:Virgilia},"""......Mas é verdade que posso ter dado ao Battler‐kun dicas demais. Isso serviu como uma repreensão para você, mas talvez suporte demais para um jogo justo."""
{f:5:Beatrice},"""Isso mesmo, isso mesmo...! Por favor, professoraaa, pelo menos só uma dica para me ajudar..."""
{f:5:Virgilia},"""..................Só uma dica. Pense sozinha sobre o que ela significa, tudo bem?"""
{f:5:Beatrice},"""Sim, sim! Vou pensar sozinha, então, por favor! Por favor, me dê diga algo deixará Battler para baixo, professoraaaa."""
,"Era verdadeiramente vergonhoso como ela se comportava quando Battler não estava por perto, mesmo que agisse perfeitamente como uma Grande Bruxa na frente dele."
,"{f:5:Virgilia} suspirou, lamentando sob sua respiração que Beato nunca parecia crescer."
{f:5:Virgilia},"""Então, só uma dica. ......Você conhece a fábula de Esopo, o Vento Norte e o Sol?"""
{f:5:Beatrice},"""É claro. É uma história sobre como o vento norte e o Sol se desafiaram para roubar o manto de um viajante, certo?"""
{f:5:Virgilia},"""Isso mesmo. A moral é que métodos violentos ou impacientes nem sempre são, necessariamente, as melhores decisões."""
{f:5:Beatrice},"""......Não precisa ficar me dizendo isso. Eu já refleti no fato que me apressei rápido demais em direção à vitória."""
{f:5:Virgilia},"""............... Pense bem sobre o que isto significa. E mais, ......apesar de parecer que o Battler‐kun teve um ligeiro mal entendimento, você também parece estar sob um equívoco. Você entende as condições de vitória deste jogo?"""
{f:5:Beatrice},"""...O que há além de fazer Battler submeter‐se a mim?"""
{f:5:Virgilia},""".........Viu? A esse ponto, você já está enganada."""
{f:5:Beatrice},"""Como estou enganada?"""
{f:5:Virgilia},"""Sua vitória não é fazer o Battler‐kun se submeter. ......É fazer o Battler‐kun aceitar sua existência, não é?"""
{f:5:Beatrice},"""......O quê?! Você quer que eu amacie o Battler e diga para ele ""me aceite como uma bruxa, por favoooor?""! Que tolice! Não vou afundar tanto!"""
,"Grrrrrrrrrrr... Beato rosnava, como uma cadelinha de mau humor."
,"{f:5:Virgilia} deu de ombros, zombando da discípula dela, que estava tão irritadiça como sempre..."
{f:5:Virgilia},"""Essa é a minha dica. Agora você devia pensar profundamente. .........De qualquer forma, seus movimentos até agora não funcionarão mais com o Battler‐kun. Uma conversão tática provavelmente será requerida."""
{f:5:Beatrice},"""...Eu sei disso mesmo sem você me dizer. ......Não faço ideia do que você quer dizer com o Vento Norte e o Sol, mas, de qualquer forma, entendo que terei que mudar minha direção. ......Vou exibir um esquema esperto que surpreenderá até você, professora...!"""
{f:5:Virgilia},"""Hoh‐hoh‐ho... Esperarei ansiosa por isso. Me pergunto como Battler‐kun vai encarar isso. ......Estarei desejando boa sorte para você também."""
{f:5:Beatrice},"""Depois do Battler, certo? Hmph..."""
,""".........Você já vai desistir e resignar? Se você estiver cansada, por que não se cobre com um futon e dorme bem devagar...?"""
,"...Enquanto minha consciência vagava e eu fingia lutar contra minha sonolência, afundando mais e mais fundo no sofá, ""eu"" repreendi a ""mim mesma""."
,"""......Você não lembra o quanto sonhou em roubar a posição do Krauss de chefe da família...?"""
,"""Mesmo que eu tenha lhe dado essa chance com minha magia, você já está jogando ela fora...?"""
Ushiromiya Eva,"Você diz isso, mas...{n}............Este enigma realmente é difícil.{n}Até um quebra‐cabeça de arame seria melhor.{n}...Pelo menos é garantido que definitivamente é solucionável."
Ushiromiya Eva,"Mas, com este enigma do epitáfio, não sei nem se estou certa disso."
Ushiromiya Eva,......Eu podia estar travando uma batalha inútil.
,"...Ainda atordoada, olhei para o pequeno caderno o qual eu estive segurando o tempo todo."
,"Ele estava aberto na página com o epitáfio, a qual eu tinha encarado, quase queimado um buraco através dela, em tantas centenas de noites que eu tinha perdido a conta."
,......Essa...é verdadeiramente é uma {i:porta}.
,"Do outro lado...está a ""Terra Dourada"", aquele lugar o qual desde que eu era criança eu desejava alcançar, não poupei esforços para alcançar, ...e nunca fui capaz de alcançar."
,"Aqui estou eu, com ambas as mãos sobre a porta, ...e mesmo que o livro, não, a porta esteja aberta, ainda não consigo alcançar o outro lado?"
,"""...Isso mesmo. Você já tem suas mãos sobre a porta. Vamos, abra‐a com toda a sua força. E leia os caracteres escritos na porta."""
Ushiromiya Eva,""".........Abri‐la...com toda a minha força. ...Ler os caracteres...escritos na porta..."""
,Cerre seus olhos. ......Veja através do que jaz muito além do epitáfio escrito no caderno...
,"""...A ""amada cidade passada"" definitivamente não vai trair nossas expectativas.{n}......O único passado que o pai mantinha querido foram seus anos como um garoto."""
Ushiromiya Eva,"Isso mesmo...... Então, e quanto ao ""rio dos ayus""?{n}Há diversos rios onde eles nadam, e não é certo que tenha existido um bem próximo ao local em que o pai morou."
Ushiromiya Eva,"...Se começarmos a nos perguntar qual rio abrigando ayus é o mais próximo em um sentido geográfico, as coisas rapidamente vão ficar vagas e não seremos capazes de apontá‐lo..."
,"""......Você mesma não disse? Você disse que não tinha que ser um rio com água fluindo por ele. ......Se a palavra ayu for complicada, por que não esquecê‐la para sempre...?"""
,"""Pensa em um rio. Um rio. Ligá‐lo com uma ""árvore genealógica"" não foi uma má ideia. Tente pensar como ligar um rio com algo mais entre essas linhas......"""
Ushiromiya Eva,......Não é um rio? Mesmo que o ayu não consiga nadar nele se não for um rio?
Ushiromiya Eva,"Ah, mas talvez ""os ayus podem nadar nele"" signifique que ele se junta ao oceano......"
Ushiromiya Eva,"Meu marido disse que, apesar de serem peixes de rio, eles saem para o oceano... ..............."
Ushiromiya Eva,".......................................{n}...............Até o oceano.{n}........................Não, ...mas, .........{n}......Hã?..."
,"""......Você notou? Mas essa é só uma memória fraca. Deveria haver uma pequena biblioteca neste prédio, certo? Se você investigar, pode ter certeza."""
Ushiromiya Eva,"......Se esse for o ""rio de ayus"".........{n}.........E se a chave pode ser uma palavra de seis caracteres..."
Ushiromiya Eva,.....................A chave realmente está descansando nesse rio?
,"E‐Eu não sei, eu não sei.{n}...De qualquer forma, tenho que procurar em um atlas..."
,"Mas, mesmo se eu souber isso, não sei {i:do que} eu deveria tirar os seis caracteres..."
,"""......Você realmente não sabe? Pense profundamente. .........Somos inteligentes demais para nosso próprio bem, então nossos pensamentos são inflexíveis."""
,"""Não pense nisso como algo tão grandioso quanto ""O Enigma do Epitáfio"", mas como se fosse um quebra‐cabeça de criança. ......Homens são sempre crianças, não importa quão velhos fiquem. Mesmo se o pai avançou na velhice, isso não muda o fato que ele é essencialmente uma criança dentro do coração dele."""
,""".........Jogue fora sua admiração pelo pai. ...Pense nisso como se fosse um quebra‐cabeça inútil e infantil, como aqueles que Maria trouxe no barco."""
Ushiromiya Eva,"......Quebra‐cabeças. ......Inúteis, infantis."
Ushiromiya Eva,"........................{n}.....................Hã, .........ah."
Ushiromiya Eva,".........Tenho certeza que era, ...o que era, ......hmmm, bem......"
,"...Tenho certeza, se minha memória não falha, ......provavelmente era, hmm..."
,"Não, não tenho que confiar na minha memória vaga.{n}Eu deveria ser capaz de descobrir isso imediatamente também procurando na biblioteca."
,""".........Provavelmente já percebemos a resposta. ...Tudo o que resta é descobrir se está correta ou não."""
,"""Venha, Eva. Vamos para essa biblioteca e nos certificar de que ninguém perceba. ......Lá, devemos encontrar uma montanha de livros grossos que não caberiam no estúdio do pai. ...Tenho certeza de que encontraremos um livro que responda à nossa pergunta. .........Rápido. Esta é primeira e última chance em nossas vidas de termos nossos sonhos realizados."""
,"Quando Natsuhi tentou colocar um cobertor sobre ela, Eva pulou repentinamente."
Ushiromiya Natsuhi,"""...Desculpe. Parece que a acordei."""
Ushiromiya Krauss,"""......Eva. Se você está com sono, não se force demais. Você descansa primeiro."""
Ushiromiya Eva,"""O‐Obrigada. Só vou até o lavabo para lavar meu rosto."""
Ushiromiya Hideyoshi,"""Você deveria pegar leve e descansar. ...Vai acabar se sentindo pior, sabia?"""
Ushiromiya Eva,"""Eu disse que estou bem, estou mesmo! Eu volto logo."""
,"Deixando apenas essas palavras para trás, eu rapidamente deixei o lobby."
,"O lobby era particionado por uma porta. Por isso, logo que saí no corredor, eles não conseguiam mais me ver."
,......A biblioteca era perto da sala dos serviçais.
,"O pai sempre foi dono de uma vasta coleção de livros, mas depois que ele começou a ficar absorto em seu hobby ocultista, sua coleção ficou ainda maior, e os livros normais, adequados a um escritório normal, tiveram que ser postos para fora porque ele já não tinha mais espaço."
,Essa biblioteca era o lugar em que esses livros normais eram armazenados.
,"Eram todos livros grossos, como enciclopédias completas para intelectuais, mas agora isso era muito conveniente para mim, já que eu estava investigando algo."
,"Entrei silenciosamente......e, só por garantia, chequei o cômodo com a minha arma pronta, certificando‐me que não havia pessoas suspeitas ali."
,"Então, a tranquei por dentro."
,Na verdade eu não estava pensando que o assassino poderia estar se escondendo em algum lugar.
,...O que me assustava era o medo que um dos irmãos poderia ouvir o que eu estava investigando.
,"Meu coração começou a saltar......{n}...Eu estava meio‐acordada até um curto tempo atrás, então não fui capaz de perceber o quão significante era esta coisa que percebi."
,Mas à medida que comecei a ficar ciente... meu coração parecia prestes a explodir.
Ushiromiya Eva,""".........Eu me pergunto...se algum dos outros irmãos percebeu isso......"""
,Não acho que o Krauss e o Rudolf vão perceber.{n}......Mas não sei quanto à Kyrie.{n}Ela tem uma intuição extraordinária.
,.........E também não sei quanto à Rosa.
Ushiromiya Eva,"""A Rosa é tão fraca quanto os outros. Ela sempre foi assim, ridiculamente fraca."""
,"Mesmo...? Acho que ela foi sábia o suficiente para fazer você pensar que ela era fraca, para que ela não atraísse malícia desnecessária para si mesma."
Ushiromiya Eva,""".........Aqui está. ...Me pergunto se vou encontrar neste."""
,Puxei o livro para fora e folheei as páginas......
Ushiromiya Eva,"""...............Oh. .........Isto é.........um ""rio de ayus""...?"""
,"Entendi... Isto é o que o rio de ayus significa?{n}......Não vadie por aí, procure mais."
Ushiromiya Eva,"""S‐Sim, eu sei... Quando você descer o rio, encontrará um vilarejo ({ruby:sato:{p:0:里}})... {ruby:sato:{p:0:里}} é uma palavra mais velha para {loghint:machi:cidade} ou {loghint:mura:vila}, certo? Mas se é uma área densamente populada... Pode ser qualquer número..."""
,"Por que você parou de pensar?""{n}Se você não gosta disso, por que não desiste bem devagar...?{n}Por que não entregar a chefia Ushiromiya para Kyrie bem devagar?!"
Ushiromiya Eva,"""Não, ...eu não quero...! Eu vou me tornar o chefe. ...Esta é a minha primeira e última chance para fazer isso.........O que é {i:vilarejo}? O que isso significa?! Tem um vilarejo se você descer este ""rio""......?! ............ah, .........aaaaaaaahhh......!!"""
,"......{loghint:sono sato:Neste vilarejo}, procure pela {loghint:kishi:costa} da qual {loghint:futari:as duas} pessoas {loghint:kuchi:falam}.{n}......É uma ""costa"" ({ruby:kishi:{p:0:岸}}). Entendeu?"
Ushiromiya Eva,"""Uh, ...*gulp*... Eu, eu, eu entendo...! Costa...... Costa.........!"""
,"Todas essas partes que eu não tinha sido capaz de entender ao todo estavam......bem diante dos meus olhos, começando a......estalar, estalar no lugar, todas por conta própria......"
,Eu não conseguia nem me lembrar de fechar minha boca aberta.{n}...Minha garganta ficou completamente seca...
,Está......realmente tudo bem para esta ser a resposta?{n}M‐Mesmo? Mesmo...?!
Ushiromiya Eva,"""...Mas isso não são seis caracteres ao todo. ......Tenho certeza absoluta de que esta é a resposta, mas isto não alcança seis caracteres ao todo...!"""
,"Você parou de pensar de novo? Nesse caso, pense em uma forma que você poderia ler isso com seis caracteres."
,"Se você não conseguir pensar em uma, então pesquise.{n}......Tem que ter uma resposta. Você não deve duvidar disso."
,"Se não conseguir acreditar nisso, por que você não chora até dormir, e então só desista e morra bem devagar...?"
Ushiromiya Eva,"""............Um, dois, três, quatro, cinco, seis... ......Oooh, ...s‐......seis caracteres..."""
Ushiromiya Eva,"""......Eu, ......eu encontrei. ...Esta é.........da Terra Dourada...a c‐......chave.........!!"""
,Sim. Esta é...a chave da Terra Dourada.{n} ......A chave...para nossos sonhos de infância.
,......A única fechadura para enfiar esta chave...é aquele lugar.{n}Isto...definitivamente é o que oferece os sacrifícios.{n}Você compreende agora...certo...............?
Ushiromiya Eva,"""Uuu, ............uuuuUUUgghhHAAaaaaa...!!!"""
