Speaker,Steam (ST),Umineko Project (UP),Original Witch Hunt (OG),PC Japanese (JP),PS3 Japanese - Censored (JPC),Russian (RU),Brazilian Portuguese (PT),Chinese Traditional (CHT),Chinese Simplified (CN),Italian (Ars Magica) (Old) (ITA)
,Two silhouettes could be seen in the chapel. A big brother...and a little sister. ,Two silhouettes could be seen in the chapel.{n}A big brother...and his little sister.,Two silhouettes could be seen in the chapel. A big brother...and his little sister.,礼拝堂の中には、……二人の人影。それは、兄と、妹の姿。,礼拝堂の中には、……二人の人影。{n}それは、兄と、妹の姿。,В часовне виднелись два силуэта.{n}Старший брат... и его младшая сестра.,Duas silhuetas podiam ser vistas na capela.{n}Um irmão mais velho...e sua irmãzinha.,在禮拜堂之中，……有兩個人影。{n}那是一對兄妹的身影。,在礼拜堂之中，……有两个人影。{n}那是一对兄妹的身影。,Si intravedevano due sagome nella cappella. Il Fratello maggiore... e sua Sorella minore.
,"The big brother who would never return from that day 12 years in the past, and the little sister who waited all alone 12 years in the future. ","The big brother who would never return from that day twelve years in the past, and the little sister who waited all alone twelve years in the future."," The big brother who would never return from that day 12 years in the past, and the little sister who waited all alone 12 years in the future.",１２年前の過去より戻らぬ兄と、それを孤独に待つ１２年の未来の妹。,[=JP],"Старший брат, который никогда не вернётся из того дня 12 лет назад, и младшая сестра, которая совсем одна 12 лет ждала его в будущем.","O irmão que nunca retornaria daquele dia, doze anos no passado, e sua irmãzinha, que esperou sozinha por seu retorno, doze anos no futuro.",無法從 12 年前的過去回來的哥哥，和在未來孤獨地等待了他 12 年的妹妹。,无法从 12 年前的过去回来的哥哥，和在未来孤独地等待了他 12 年的妹妹。,"Il Fratello maggiore che non sarebbe mai ritornato da quel giorno dodici anni nel passato, e la Sorella minore che attese tutta sola dodici anni nel futuro."
,"However, the big brother knew everything, ...understood everything. And the little sister knew nothing, ...understood nothing. ","However, the big brother knew everything, understood everything.{n}And the little sister knew nothing, understood nothing."," However, the big brother knew everything...understood everything. And the little sister knew nothing...understood nothing.",しかし、兄は全てを理解し、全てを知っている。そして、妹は全てを知らず、何も知っていない。,しかし、兄は全てを理解し、全てを知っている。{n}そして、妹は全てを知らず、何も知っていない。,"Однако старший брат знал всё, понимал всё.{n}А младшая сестра ничего не знала, ничего не понимала.","Porém, o irmão mais velho sabia tudo, entendia tudo.{n}Já a irmãzinha não sabia nada, não entendia nada.",但是，哥哥他已經理解、知曉了一切。{n}而妹妹卻什麼都不知道，什麼都不明白。,但是，哥哥他已经理解、知晓了一切。{n}而妹妹却什么都不知道，什么都不明白。,"Tuttavia, il Fratello maggiore sapeva tutto... aveva capito tutto. E la Sorella minore non sapeva niente... non aveva capito niente."
,"So, no matter how much time passed, the little sister remained as the girl she had been 12 years before. ","So, no matter how much time passed, the little sister remained as the girl she had been twelve years before."," So, no matter how much time passed, the little sister remained as the girl she had been 12 years before.",だから、妹はいつまでも経っても、１２年前の少女のまま。,だから、妹はいつまで経っても、１２年前の少女のまま。,"Поэтому, сколько бы времени ни проходило, младшая сестра оставалась такой же, какой была 12 лет назад.","Por isso, não importava quanto tempo se passasse, a irmãzinha permaneceria como a garota que era doze anos atrás.",所以，妹妹不管過了多久，都還是 12 年前的少女的樣子。,所以，妹妹不管过了多久，都还是 12 年前的少女的样子。,"Quindi, non importa quanto tempo fosse passato, la Sorella minore rimase uguale alla ragazzina che era dodici anni prima."
,She remained a six-year-old girl forever... ,She remained a six‐year‐old girl forever......, She remained a six-year-old girl forever......,いつまでも永遠に、６歳の少女のままだった……。,[=JP],Она навсегда осталась шестилетней девочкой......,Para sempre ela permaneceu uma garota de seis anos......,無論到何時，都永遠是 6 歲少女的樣子……。,无论到何时，都永远是 6 岁少女的样子……。,Rimase una ragazzina di sei anni per sempre...
,Her sobs into his chest finally subsided... ,Her sobs into her big brother's chest finally subsided......, Her sobs into her big brother's chest finally subsided......,兄の胸に顔を埋めていた妹の嗚咽が、ようやく収まる……。,[=JP],Её рыдания на груди старшего брата наконец стихли......,Seus soluços contra o peito de seu irmão finalmente diminuíram......,把臉埋進哥哥胸膛的妹妹的嗚咽聲，終於停了下來……。,把脸埋进哥哥胸膛的妹妹的呜咽声，终于停了下来……。,I suoi singhiozzi sul petto del Fratello maggiore finalmente cessarono...
,She quietly waited for his next words. ,She quietly waited for his next words., She quietly waited for his next words.,そして、兄の次の言葉を静かに待つ。,[=JP],Она тихо ждала его следующих слов.,Ela silenciosamente esperou pelas próximas palavras dele.,然後，靜靜地等著哥哥的下一句話。,然后，静静地等着哥哥的下一句话。,Attese in silenzio le sue prossime parole.
,"After patting her head gently, the big brother fished around inside his shirt pocket. ","After patting her head gently, the big brother fished around inside his shirt pocket."," After patting her head gently, the big brother fished around inside his shirt pocket.",兄はその頭をやさしく撫でてから、自分の懐をまさぐる。,[=JP],"Мягко погладив её по голове, старший брат порылся в кармане рубашки.","Após fazer carinho em sua cabeça, o irmão mais velho procurou dentro do bolso.",哥哥一邊溫柔地撫著她的頭，一邊在自己的懷中翻找。,哥哥一边温柔地抚着她的头，一边在自己的怀中翻找。,"Dopo aver accarezzato gentilmente la sua testa, il Fratello maggiore cercò nel taschino della sua camicia."
,"Then, ...he took ""that"" out. ","Then, ......he took something out."," Then, ......he took 'that' out.",そして、……それを取り出してみせた。,[=JP],Затем...... он кое‐что достал.,"Então, ......ele puxou algo para fora.",然後，……他拿出了某個東西。,然后，……他拿出了某个东西。,Quindi... ‘la’ tirò fuori.
Ushiromiya Battler,"""Are you listening, Ange? Take good care of this."" ","""Are you listening, Ange? Take good care of this.""",[=UP],「いいかい、縁寿。これを大事に持つんだ。」,「いいかい、縁寿。これを大事に持つんだ」,"""Слышишь, Энджи? Береги его.""","""Preste atenção, Ange? Cuide muito bem disto.""",「聽好了，緣壽。要好好保管這個東西。」,「听好了，缘寿。要好好保管这个东西。」,"""Stai ascoltando, Ange? Prenditi cura di questa."""
Ushiromiya Ange,"""...What is it...? ...A key...?"" ",""".........What is it...? .........A key...?""","""......What is it...? ......A key...?""",「………これ、何…？　………鍵…？」,[=JP],"""......Что это?.. ......Ключ?..""",""".........O que é isso...? .........Uma chave...?""",「………這是、什麼…？………鑰匙…？」,「………这是、什么…？………钥匙…？」,"""... Che cos'è...? Una chiave...?"""
,"Battler took a large key attached to a necklace out of his pocket, then held it out to Ange. ","Battler took a large key attached to a necklace out of his pocket, then held it out to Ange.",[=UP],戦人は懐より、首飾りに繋がった大きな鍵を取り出し、縁寿に差し出す。,[=JP],Баттлер достал из кармана большой ключ на ожерелье и протянул его Энджи.,"Battler pegou uma grande chave, presa em um colar, de dentro de seu bolso e a entregou para Ange.",戰人從懷裡取出了一把和項鏈連在一起的大鑰匙，遞給緣壽。,战人从怀里取出了一把和项链连在一起的大钥匙，递给缘寿。,"Battler tirò fuori dal suo taschino una grande chiave attaccata a una collana, e la porse a Ange."
,"It was large enough to cover his entire palm, and little Ange probably wouldn't even be able to wrap her hand all the way around it. ","It was large enough to cover Battler's entire palm, and little Ange probably wouldn't even be able to wrap her hand all the way around it."," It was large enough to cover Battler's entire palm, and little Ange probably wouldn't even be able to wrap her hand all the way around it.",それは戦人の手の平いっぱいの大きさがあり、幼い縁寿には一握りしても余るほどの大きさが感じられた。,[=JP],"Ключ был размером с ладонь Баттлера, и маленькая Энджи даже не могла полностью вложить его в руку.","Era grande o bastante para ocupar toda palma de Battler, e a pequena Ange provavelmente sequer seria capaz de fechar sua mão enquanto a segurasse.",這鑰匙和戰人的手掌一般大小，對年幼的緣壽來說，大到了好像一只手都握不住似的。,这钥匙和战人的手掌一般大小，对年幼的缘寿来说，大到了好像一只手都握不住似的。,"Era abbastanza grande da coprire tutto il palmo di Battler, e la piccola Ange probabilmente non sarebbe stata in grado di avvolgere la sua mano intorno ad essa."
,"The key glittered gold and had a beautiful, intricate design. ","The key glittered gold and had a beautiful, intricate design."," The key glittered gold and had a beautiful, intricate design.",金色に輝き、凝った意匠が施された美しい鍵。,[=JP],Красивый ключ со сложным дизайном сверкал золотом.,A chave reluzia ouro e possuía um belo e intrincado design.,這是把閃著金色光輝，樣式精美的鑰匙。,这是把闪着金色光辉，样式精美的钥匙。,La chiave scintillava d'oro e aveva un motivo bellissimo e complesso.
,Its weight alone made it clear that this key was something very important. ,Its weight alone made it clear that this key was something very important., Its weight alone made it clear that this key was something very important.,その重みだけで、さぞ大切な鍵に違いないとわからせてくれた。,[=JP],Вес ключа только подчёркивал его важность.,Apenas seu peso já era o suficiente para indicar que a chave era algo muito importante.,想必僅憑它的重量，就能讓人明白，這是把很貴重的鑰匙。,想必仅凭它的重量，就能让人明白，这是把很贵重的钥匙。,Solo il suo peso diceva chiaramente che questa chiave era qualcosa di molto importante.
,Battler put the necklace around Ange's neck. ,Battler put the necklace around Ange's neck., Battler put the necklace around Ange's neck.,戦人はその鍵のついた首飾りを、縁寿の首に掛ける。,[=JP],Баттлер надел ожерелье на шею Энджи.,Battler colocou o colar no pescoço de Ange.,戰人把鑰匙上連著的項鏈，掛在了緣壽的脖子上。,战人把钥匙上连着的项链，挂在了缘寿的脖子上。,Battler mise la collana intorno al collo di Ange.
Ushiromiya Battler,"""This precious key is yours alone."" ","""This precious key is yours alone, Ange.""",[=UP],「これは縁寿だけの、大切な鍵だ。」,「これは縁寿だけの、大切な鍵だ」,"""Этот драгоценный ключ только твой, Энджи.""","""Esta preciosa chave pertence apenas a você, Ange.""",「這是只屬於緣壽的，重要的鑰匙。」,「这是只属于缘寿的，重要的钥匙。」,"""Questa preziosa chiave è solo tua, Ange."""
Ushiromiya Ange,"""What's it for...?"" ","""What's it for......?""",[=UP],「何の鍵なの……？」,[=JP],"""От чего он?..""","""Pra que ela serve......?""",「是什麼的鑰匙……？」,「是什么的钥匙……？」,"""A che serve...?"""
Ushiromiya Battler,"""The time to use it will come soon. When it does, you'll have to decide for yourself. ...Understand?"" ","""The time to use it will come soon. When it does, you'll have to decide for yourself. ......Understand?""",[=UP],「使うべき時は、すぐに来る。そして縁寿が、自分で決めるんだ。……わかるね？」,[=JP],"""Время воспользоваться им скоро придёт. И тогда ты должна будешь решить сама. ......Понимаешь?""","""A hora de usá‐la logo vai chegar. E quando chegar, terá que decidir sozinha. ......Entendeu?""",「使用它的時刻，很快就會到來。到時就由緣壽你自己來決定。……明白了嗎？」,「使用它的时刻，很快就会到来。到时就由缘寿你自己来决定。……明白了吗？」,"""Il momento di usarla verrà presto. Quando accadrà, dovrai decidere per te stessa. ... Capito?"""
,"...Of course, she didn't have a clue what Battler was saying. ","......Of course, she didn't have a clue what Battler was talking about.","......Of course, she didn't have a clue what Battler was saying.",……戦人が何を言っているのか、わかるはずもない。,[=JP],"......Разумеется, она понятия не имела, о чём говорил Баттлер.","......É claro, ela não fazia ideia do que Battler estava falando.",……戰人所言何意，緣壽當然不可能明白。,……战人所言何意，缘寿当然不可能明白。,"... Ovviamente, non aveva la minima idea di quello che stava dicendo Battler."
,"But she did realize that he was telling her to take good care of this key. So, Ange nodded, at least in response to that part. ","But she did realize that he was telling her to take good care of this key. So, Ange nodded, at least in response to that part."," But she did realize that he was telling her to take good care of this key. So, Ange nodded, at least in response to that part.",でも、この鍵を大切にしろという話だけはわかる。だから縁寿は、それについてだけ、頷いて見せた。,[=JP],"Но Энджи поняла, что он просит её беречь этот ключ. Поэтому она кивнула, по крайней мере, в ответ на эту часть.","Mas percebeu que Battler estava dizendo para ela cuidar muito bem daquela chave. Por isso, Ange assentiu, ao menos em resposta a essa parte.",但是，她明白這把鑰匙需要好好保管。所以緣壽在關於這一點上，點了點頭。,但是，她明白这把钥匙需要好好保管。所以缘寿在关于这一点上，点了点头。,"Ma capì che le stava dicendo di prendersi molta cura di questa chiave. {n}Quindi, Ange annuì, almeno in risposta a quella parte."
,"In her hand, the key had felt heavy. However, now that it was around her neck, it felt as light as an ordinary necklace. ","In her hand, the key had felt heavy. However, now that it was around her neck, it felt as light as an ordinary necklace."," In her hand, the key had felt heavy. However, now that it was around her neck, it felt as light as an ordinary necklace.",手に持った時は、ずしりと重いと思ったのに。首に掛けてみると、普通の首飾り程度の重さにしか感じられなかった。,[=JP],"В её руке ключ казался тяжёлым. Но оказавшись у неё на шее, он был таким же лёгким, как обычное ожерелье.","Em sua mão, a chave era muito pesada. Contudo, agora que estava ao redor do seu pescoço, ela parecia tão leve quanto um simples pingente.",拿在手上的時候，明明覺得沉甸甸的。而掛在脖子上後，就只能感受到一般項鏈程度的重量了。,拿在手上的时候，明明觉得沉甸甸的。而挂在脖子上后，就只能感受到一般项链程度的重量了。,"Sulla sua mano, la chiave sembrava pesante. Tuttavia, ora che era intorno al suo collo, sembrava leggera come una normale collana."
,How strange. ,How strange., How strange.,とても不思議だった。,[=JP],Так странно.,Que estranho.,真是不可思議。,真是不可思议。,Che strano.
Ushiromiya Battler,"""Okay, let's go."" ","""Okay, let's go.""",[=UP],「さぁ。行こうか。」,「さぁ。行こうか」,"""Ну что, пойдём.""","""Certo, vamos indo.""",「來，我們走吧。」,「来，我们走吧。」,"""Ok, andiamo."""
Ushiromiya Ange,"""Where to...?"" ","""Where......?""",[=UP],「どこへ……？」,[=JP],"""Куда?..""","""Para onde......?""",「去哪兒……？」,「去哪儿……？」,"""Dove...?"""
,She had been sure that her brother was about to sit down. ,She had been sure that her brother was about to sit down.,[=UP],てっきり、兄は腰を下ろすものだと思っていた。,[=JP],"Она была уверена, что её брат собирался сесть.",Ela tinha certeza que seu irmão estava prestes a sentar.,我還以為，哥哥一定會坐下來呢。,我还以为，哥哥一定会坐下来呢。,Era sicura che suo Fratello si stesse per sedere.
,"After all, just a second ago, he said he'd tell her what happened on Rokkenjima on that day. ","Just a second ago, he had said that he'd tell her what happened on Rokkenjima that day."," Just a second ago, he had said that he'd tell her what happened on Rokkenjima that day.",兄はついさっき、あの日、六軒島で何があったのかを話そうと言ってくれたのだ。,[=JP],"Ещё минуту назад он сказал, что расскажет ей о произошедшем на Роккенджиме в тот день.","Segundos atrás, ele havia dito que contaria o que aconteceu em Rokkenjima naquele dia.",他剛剛才說過，要把那一天，六軒島上到底發生了什麼告訴我。,他刚刚才说过，要把那一天，六轩岛上到底发生了什么告诉我。,"Un secondo fa, aveva detto che le avrebbe raccontato cosa successe su Rokkenjima quel giorno."
,She'd expected him to tell her here... ,She had thought that he would tell her here......, She had thought that he would tell her here......,それを、ここで語ってくれるのかと思っていた……。,[=JP],"Она подумала, что он расскажет ей здесь......",Ela havia pensado que ele contaria a ela......,我還以為，他會在這裡告訴我那些……。,我还以为，他会在这里告诉我那些……。,Aveva pensato che glielo avrebbe raccontato qui...
Ushiromiya Battler,"""On that day, on that island, ...just what is it that happened?"" ","""On that day, on that island... What happened?""",[=UP],「あの日、あの島で。何があったのか。」,「あの日、あの島で。何があったのか」,"""Что произошло... в тот день на этом острове?""","""Naquele dia, naquela ilha... O que aconteceu?""",「那一天，那座島上。到底發生了什麼？」,「那一天，那座岛上。到底发生了什么？」,"""Quel giorno, su quell'isola... cosa è successo?"""
Ushiromiya Ange,"""I thought you were going to tell me about that, Onii-chan..."" ","""Weren't you about to tell me that, Onii‐chan...?""","""Weren't you about to tell me that, Onii-chan...?""",「お兄ちゃんがそれを、聞かせてくれるんじゃないの…？」,[=JP],"""Разве ты не собирался рассказать мне, братик?..""","""Você não ia me contar, onii‐chan...?""",「哥哥你不是要把這些講給我聽嗎…？」,「哥哥你不是要把这些讲给我听吗…？」,"""Non me lo stavi per raccontare, Onii-chan...?"""
Ushiromiya Battler,"""Absolutely. And you'll be given the chance to listen. ...However, to you, it may not feel as though you're merely listening to a story."" ","""Oh, I will. I'll tell the story and let you listen. ......However, it might be the kind of thing you can't really feel if you just hear about it from someone else.""",[=UP],「聞かせるとも。話して、縁寿に、聞かせる。……でもそれは、縁寿にはただ話を聞いているだけには、感じられないかもしれない。」,「聞かせるとも。話して、縁寿に、聞かせる。……でもそれは、縁寿にはただ話を聞いているだけには、感じられないかもしれない」,"""О, я расскажу. Я расскажу эту историю и дам тебе выслушать. ......Но она может быть такой, какую толком не испытаешь, услышав от другого.""","""Sim, eu vou. Eu vou contar uma história, e você vai ouvi‐la. ......Porém, talvez não seja o tipo de coisa que você realmente possa sentir apenas ouvindo alguém contar.""",「當然是要講的。說出來，講給緣壽你聽。……但是呢，僅僅是讓你聽我說的話，你肯定是感受不到的。」,「当然是要讲的。说出来，讲给缘寿你听。……但是呢，仅仅是让你听我说的话，你肯定是感受不到的。」,"""Oh, lo farò. Racconterò la storia e ti lascerò ascoltare. ... Tuttavia, potrebbe essere quel genere di cosa che non potresti veramente provare se l'ascolti da qualcun altro e basta."""
Ushiromiya Ange,"""......What does that mean...?"" ",""".........What do you mean...?""",[=UP],「………それはどういうこと…？」,[=JP],""".........То есть?..""",""".........O que quer dizer...?""",「………這是什麼意思…？」,「………这是什么意思…？」,"""... Cosa intendi...?"""
Ushiromiya Battler,"""What you really want...isn't to know what happened on that island on that day."" ","""What you really want...isn't to know what happened on that island on that day.""",[=UP],「縁寿が本当に望んでいるのは、あの日、あの島であったことを、知りたいんじゃない。」,「縁寿が本当に望んでいるのは、あの日、あの島であったことを、知りたいんじゃない」,"""На самом деле ты хочешь... не узнать, что случилось на острове в тот день.""","""O que você realmente quer...não é saber o que aconteceu na ilha naquele dia?""",「緣壽真正的願望，不就是想知道那一天，那座島上發生的事情嗎？」,「缘寿真正的愿望，不就是想知道那一天，那座岛上发生的事情吗？」,"""Quello che tu vuoi... non è sapere cosa è successo su quell'isola quel giorno."""
,"...So, ...he does understand, after all. ","......So, ......he does understand, after all.",[=UP],……やはり、……兄は、わかっていてくれた。,[=JP],......Значит...... он всё‐таки понимает.,"......Então, ......ela realmente entendeu.",……果然，……哥哥是了解我的。,[=CHT],"... Allora... capisce, dopotutto."
,What happened on that island that day? ,What happened on that island that day?, What happened on that island that day? ,あの日、あの島で何があったのか。,[=JP],Что произошло на этом острове в тот день?,O que aconteceu na ilha naquele dia?,那一天，那座島上到底發生了什麼。,那一天，那座岛上到底发生了什么。,Cosa è successo su quell'isola quel giorno?
,"Trying to answer that question was all I was capable of, so I wished for nothing more. ","Trying to answer that question was all I was capable of, so I wished for nothing more.",[=UP],それを知ろうとすることが、私に出来る限界だから、敢えてその程度を望んだのだ。,[=JP],"Попытки ответить на этот вопрос были всем, на что я способна, поэтому я не желала большего.","Tentar responder essa pergunta é tudo que sou capaz de fazer, por isso não desejei por mais nada.",對我來說，知曉這些就已經是極限了，我也只敢期待到這種程度。,对我来说，知晓这些就已经是极限了，我也只敢期待到这种程度。,"Provare a rispondere a quella domanda era tutto ciò che sapevo fare, quindi non desiderai niente di più."
,"...But, if I could... ","......But, if I could...",[=UP],……もし、許されるなら。,[=JP],......Но если бы могла...,"......Mas, se eu pudesse...",……如果，可以的話。,……如果，可以的话。,"... Ma, se avessi potuto..."
,I'd...want to go there. ,I'd......want to go there., I'd......want to go there.,私は、……行きたい。,[=JP],Я бы...... хотела отправиться туда.,Eu gostaria......de ir até lá.,我，……想要去。,[=CHT],Sarei... voluta andare lì.
,To that island. On that day. ,To that island. On that day., To that island. On that day.,あの日、あの島へ。,[=JP],На этот остров. В тот день.,Até a ilha. Até aquele dia.,那一天，去那座島。,那一天，去那座岛。,Su quell'isola. In quel giorno.
,"To Rokkenjima, on that day I couldn't go... To the Ushiromiya family mansion. ","To Rokkenjima, on that day I couldn't go... To the Ushiromiya family mansion."," To Rokkenjima, on that day I couldn't go... To the Ushiromiya family mansion.",私が行けなかったあの日の六軒島へ、右代宮本家のお屋敷へ。,[=JP],"На Роккенджиму в день, когда я не смогла приехать... В особняк семьи Уширомия.","Para Rokkenjima, para o dia que eu não pude ir... Para a mansão da família Ushiromiya.",去我沒能去成的那一天的六軒島，去右代宮本家的大屋。,去我没能去成的那一天的六轩岛，去右代宫本家的大屋。,"Su Rokkenjima, in quel giorno in cui non ero potuta andare... alla villa della famiglia Ushiromiya."
,"To Mom and Dad. To all the cousins, all the relatives. And...everyone else. ","Mom and Dad. All my cousins, all my relatives. And...everyone else."," Mom and Dad. All the cousins, all the relatives. And...everyone else.",お父さんやお母さん。いとこたちや親戚たち。みんな、みんな。,[=JP],"Мама и папа. Все кузены, все родственники. И... все остальные.","Pai, mãe. Todos os meus primos, meus parentes. E...todo mundo.",爸爸和媽媽。堂兄堂姐們和親戚們。大家，大家。,爸爸和妈妈。堂兄堂姐们和亲戚们。大家，大家。,"Mamma e Papà. Tutti i cugini, tutti i parenti. E... tutti gli altri."
,I want to go back...to that island on that day. ,I want to go back......to that island on that day., I want to go back......to that island on that day.,私は、あの日のあの島へ、……帰りたいのだ。,[=JP],Я хочу вернуться...... на остров в тот день.,Eu quero voltar......para a ilha daquele dia.,我想要，回到那座島上，……在那一天。,我想要，回到那座岛上，……在那一天。,Voglio tornare... su quell'isola in quel giorno.
,"So, I remain the way I was on that day. My heart and soul stopped, stuck as a six-year-old's forever... ","So, I've always remained the way I was on that day.{n}My heart and soul stopped, stuck as a six‐year‐old's forever..."," So, I've always remained the way I was on that day. My heart and soul stopped, stuck as a six-year-old's forever...",だから、私はいつまでも、あの日の私のままなのだ。６歳のまま、私の心と魂を、永遠に留めてしまっている…。,だから、私はいつまでも、あの日の私のままなのだ。{n}６歳のまま、私の心と魂を、永遠に留めてしまっている…。,"Из‐за этого я навсегда осталась такой, какой была тогда.{n}Моё сердце и душа остановились, навеки застряв в шестилетнем возрасте...","Por isso, eu continuei sempre como era naquele dia.{n}Meu coração e minha alma pararam, presos aos seis anos para sempre...",所以，我才會永遠都是，那一天的我的樣子。{n}6 歲的那天，我的心和靈魂，都永遠地停滯了…。,所以，我才会永远都是，那一天的我的样子。{n}6 岁的那天，我的心和灵魂，都永远地停滞了…。,"Quindi, sono sempre rimasta la stessa che ero quel giorno. Il mio cuore e la mia anima si sono fermati, bloccati come quelli di una ragazzina di sei anni per sempre..."
Ushiromiya Ange,"""...I want to go home."" ","""......I want to go back there.""",[=UP],「……帰りたいの、私は。」,「……帰りたいの、私は」,"""......Я хочу вернуться туда.""","""......Eu quero voltar lá.""",「……我，想要回去。」,[=CHT],"""... Voglio tornare lì."""
Ushiromiya Battler,"""I know."" ","""I know.""",[=UP],「わかってる。」,「わかってる」,"""Знаю.""","""Eu sei.""",「我知道。」,[=CHT],"""Lo so."""
Ushiromiya Ange,"""Mom, Dad, Onii-chan. Everyone. ...I want to go home...to where everyone is..."" ","""Mom, Dad, Onii‐chan. Everyone. .........I want to go......to where everyone is......""","""Mom, Dad, Onii-chan. Everyone. ......I want to go......to where everyone is......""",「お父さんとお母さん、お兄ちゃん。みんな。………私は、みんなのところへ、……帰りたい……。」,「お父さんとお母さん、お兄ちゃん。みんな。………私は、みんなのところへ、……帰りたい……」,"""Мама, папа, братик. Все они. ......Я хочу отправиться...... ко всем......""","""Pai, mãe, onii‐chan. Pessoal. .........Eu quero......ir para onde todos estão......""",「爸爸和媽媽，哥哥。大家。………我想要，……回到大家所在的地方……」,「爸爸和妈妈，哥哥。大家。………我想要，……回到大家所在的地方……」,"""Mamma, Papà, Onii-chan. Tutti. ... Voglio andare... dove sono tutti..."""
Ushiromiya Battler,"""That's why...I've decided to invite you there."" ","""That's why......I've decided to invite you there.""",[=UP],「だから、……招くことにしたんだ。」,「だから、……招くことにしたんだ」,"""Именно поэтому...... я решил пригласить тебя туда.""","""É por isso......que eu decidi convidá‐la.""",「所以，……我就招待你去了。」,[=CHT],"""Ecco perché... ho deciso di invitarti lì."""
Ushiromiya Ange,"""...Huh...?"" ",""".........Huh...?""","""......Huh...?""",「………え…？」,[=JP],"""......Э?..""",""".........Hã...?""",「………誒…？」,「………诶…？」,"""... Uh...?"""
Ushiromiya Battler,"""Your Onii-chan is the Game Master now. Only those who know everything about the game board can open it up and invite pieces in. ...So, I'll invite you to come to the game board."" ","""I'm the Game Master now. Only those who know everything about the game board can open it up and invite pieces in. ......So, I'll invite you to come to the game board.""",[=UP],「お兄ちゃんはもう、ゲームマスターなんだ。ゲーム盤の全てを知る者だけが、ゲーム盤を開き、駒を招くことが出来る。……だから俺は、縁寿をゲーム盤へ、招待する。」,「お兄ちゃんはもう、ゲームマスターなんだ。ゲーム盤の全てを知る者だけが、ゲーム盤を開き、駒を招くことが出来る。……だから俺は、縁寿をゲーム盤へ、招待する」,"""Я сейчас Владелец игры. Только те, кто знает всё об игровой доске, могут открывать её и приглашать на неё фигуры. ......Поэтому я приглашаю тебя на игровую доску.""","""Eu sou o Game Master agora. Apenas aqueles que sabem tudo sobre o tabuleiro podem abri‐lo e convidar peças. ......Por isso, eu irei convidá‐la para o tabuleiro.""",「哥哥我，已經是 GM 了。只有知曉遊戲盤上一切的人，才能夠展開遊戲盤，邀請棋子登上棋盤。……所以我現在，就把緣壽招待到棋盤上。」,「哥哥我，已经是 GM 了。只有知晓游戏盘上一切的人，才能够展开游戏盘，邀请棋子登上棋盘。……所以我现在，就把缘寿招待到棋盘上。」,"""Sono il Game Master ora. Solo coloro che sanno tutto della scacchiera possono aprirla e invitare pezzi all'interno. ... Quindi, ti inviterò a venire in questa scacchiera."""
Ushiromiya Ange,"""You'll...take me to Rokkenjima...on that day...?"" ","""You'll......take me to Rokkenjima......on that day......""","""You'll...take me to Rokkenjima......on that day...""",「私を、……あの日の六軒島へ、……連れていってくれるの……。」,「私を、……あの日の六軒島へ、……連れていってくれるの……」,"""Ты... заберёшь меня на Роккенджиму...... в тот день...""","""Você vai......me levar até a Rokkenjima......daquele dia......""",「要把我，……帶去，……那一天的六軒島上嗎……？」,「要把我，……带去，……那一天的六轩岛上吗……？」,"""Mi... porterai su Rokkenjima... in quel giorno..."""
Ushiromiya Battler,"""That's right. I'll invite you to the Rokkenjima of 1986."" ","""That's right. I'll invite you to the Rokkenjima of 1986.""",[=UP],「あぁ。縁寿を、１９８６年の六軒島へ、招待しよう。」,「あぁ。縁寿を、１９８６年の六軒島へ、招待しよう」,"""Да. Я приглашаю тебя на Роккенджиму 1986.""","""Isso mesmo. Irei convidá‐la para a Rokkenjima de 1986.""",「嗯。招待你到，1986 年的六軒島上去。」,「嗯。招待你到，1986 年的六轩岛上去。」,"""È così. Ti inviterò alla Rokkenjima del 1986."""
Ushiromiya Ange,"""Will I be able to see everyone...?"" ","""Will I be able to see them? Everyone......?""","""Will I be able to see everyone......?""",「会えるの？　みんなに……。」,「会えるの？　みんなに……」,"""Я смогу увидеть всех?..""","""Serei capaz de vê‐los? Poderei ver todo mundo......?""",「能見到嗎？大家……」,「能见到吗？大家……」,"""Potrò vedere tutti...?"""
Ushiromiya Battler,"""Of course."" ","""Of course.""",[=UP],「もちろん。」,「もちろん」,"""Конечно.""","""É claro.""",「當然了。」,「当然了。」,"""Ovviamente."""
Ushiromiya Ange,"""Even though...my memory is vague, ...and I can't remember anyone's face clearly...?"" ","""Even though......my memory is vague, ......and I can't remember anyone's faces clearly...""","""Even though...my memory is vague, ......and I can't remember anyone's faces clearly...""",「私、……もう記憶もおぼろげで、……みんなの顔、はっきりと思い出せないのに…。」,「私、……もう記憶もおぼろげで、……みんなの顔、はっきりと思い出せないのに…」,"""Даже если... мои воспоминания расплывчаты...... и я плохо помню их лица...""","""Mesmo que......a minha memória seja vaga, ......e eu não consiga lembrar muito bem de seus rostos...""",「我，……記憶已經很模糊了，……都不太記得大家的樣子了…」,「我，……记忆已经很模糊了，……都不太记得大家的样子了…」,"""Anche se... i miei ricordi sono vaghi... e non sono in grado di ricordare chiaramente i volti di tutti..."""
Ushiromiya Battler,"""You'll remember soon enough. ...And, though it'll be a reunion after 12 years for you, ...it'll only have been a short gap for us. ...Everyone will welcome you. When you finally return from the distant future, everyone will welcome you."" ","""You'll remember soon enough. ...And, though it'll be a reunion after twelve years for you, ......it'll only have been a short gap for the rest of us. ......Everyone will welcome you. Everyone will welcome you back from the distant future.""","""You'll remember soon enough. ...And, though it'll be a reunion after 12 years for you, ......it'll only have been a short gap for the rest of us. ......Everyone will welcome you. When you finally return from the distant future, everyone will welcome you.""",「すぐに思い出すさ。…そして、縁寿にとっては１２年ぶりの再会でも。……俺たちにとっては、しばらくぶりでしかないんだ。……みんな歓迎する。１２年の、遠い未来からようやく帰ってきた縁寿を、みんな歓迎してくれる。」,「すぐに思い出すさ。…そして、縁寿にとっては１２年ぶりの再会でも。……俺たちにとっては、しばらくぶりでしかないんだ。……みんな歓迎する。１２年の、遠い未来からようやく帰ってきた縁寿を、みんな歓迎してくれる」,"""Ты скоро вспомнишь. ...И пусть даже для тебя это будет воссоединение спустя 12 лет, ......для остальных пройдёт совсем немного времени. ......Все поприветствуют тебя. Когда ты наконец вернёшься из далёкого будущего, все тебя встретят.""","""Você lembrará em breve. ...E, embora possa ser uma reunião após doze anos para você, ......será apenas um curto período para o resto de nós. ......Todos vão recebê‐la. Todos vão recebê‐la de volta de um distante futuro.""",「很快就能想起來的。…而且，這對緣壽來說是 12 年之後的再會。……對我們來說也是如此啊。……大家會歡迎你的。從 12 年後的，遙遠的未來終於回歸的緣壽，大家都會歡迎你的。」,「很快就能想起来的。…而且，这对缘寿来说是 12 年之后的再会。……对我们来说也是如此啊。……大家会欢迎你的。从 12 年后的，遥远的未来终于回归的缘寿，大家都会欢迎你的。」,"""Presto ricorderai abbastanza. ... E, anche se sarà una riunione dopo dodici anni per te... sarà stato solo un breve intervallo di tempo. ... Tutti ti daranno il benvenuto. Quando ritornerai finalmente dal lontano futuro, tutti ti daranno il benvenuto."""
Ushiromiya Ange,"""Will I...be able to stay there forever...?"" ","""Will I......be able to stay there forever......?""","""Will I...be able to stay there forever......?""",「私は、……いつまでもそこにいられるの……？」,[=JP],"""Я...... смогу остаться там навсегда?..""","""Eu serei......capaz de ficar lá para sempre......?""",「我能夠，……在那裡待多久呢……？」,「我能够，……在那里待多久呢……？」,"""Sarò... in grado di rimanere lì per sempre...?"""
,"This way, ...I can be with everyone forever. This is the goal I'm supposed to reach... ","This way, ......I'll be able to be with everyone forever.{n}This is the goal I'm supposed to reach......","This way, ......I'll be able to be with everyone forever. This is the goal I'm supposed to reach......",これで、永遠に私は、……みんなと一緒にいられる。そここそが、私の辿り着くべき場所……。,これで、永遠に私は、……みんなと一緒にいられる。{n}そここそが、私の辿り着くべき場所……。,"Так...... я буду со всеми вечно.{n}Это и есть цель, к которой я стремлюсь......","Dessa forma, ......eu poderei ficar com todos para sempre.{n}Esse é o objetivo que eu almejo alcançar......",這樣我就能永遠，……和大家在一起了。{n}那裡才是，我應該前往的地方……。,这样我就能永远，……和大家在一起了。{n}那里才是，我应该前往的地方……。,In questo modo... sarò in grado di stare con tutti per sempre. Questo è l'obiettivo che vorrei raggiungere...
Ushiromiya Battler,"""Ange, listen to me carefully."" ","""Ange, listen to me carefully.""",[=UP],「縁寿、よくお聞き。」,「縁寿、よくお聞き」,"""Энджи, послушай.""","""Ange, ouça com muita atenção.""",「緣壽，好好聽著。」,「缘寿，好好听着。」,"""Ange, ascoltami attentamente."""
,But Battler spoke in an admonishing tone. As though warning me that this was a dream that wouldn't be granted... ,But Battler spoke in an admonishing tone.{n}As though warning me that this dream would not be granted...,But Battler spoke in an admonishing tone. As though warning me that this dream would not be granted...,しかし戦人は、諭すように言う。それは叶わぬ夢だと、釘を刺すかのように…。,しかし戦人は、諭すように言う。{n}それは叶わぬ夢だと、釘を刺すかのように…。,"Но Баттлер заговорил увещевательным тоном.{n}Будто предупреждая меня, что моя мечта не сбудется...",Mas Battler falou em um tom repreensivo.{n}Como se estivesse dizendo que tal sonho não seria concedido...,但是戰人的語氣，像是訓喻一般。{n}仿佛在說，這只是無法實現的夢想…。,但是战人的语气，像是训喻一般。{n}仿佛在说，这只是无法实现的梦想…。,Ma Battler parlò con un tono di rimprovero. Come se mi stesse avvertendo che questo sogno non sarà concesso...
Ushiromiya Battler,"""The Rokkenjima family conference usually ends after a single night. Because of the typhoon that day, the boat couldn't come, and it lasted two nights."" ","""The Rokkenjima family conference only lasts one night. Although, the typhoon stopped the boat from coming that day, so it went on for one night more.""","""The Rokkenjima family conference usually ends after a single night. Because of the typhoon that day, the boat couldn't come, and it lasted two nights.""",「六軒島の親族会議は、一泊で終わる。あの日は台風だったから、船の都合で二泊だったけれどね。」,「六軒島の親族会議は、一泊で終わる。あの日は台風だったから、船の都合で二泊だったけれどね」,"""Семейное собрание на Роккенджиме обычно заканчивается спустя одну ночь. Из‐за тайфуна в тот день катер не приезжает, и оно длится две ночи.""","""A conferência da família em Rokkenjima dura apenas uma noite. Embora o tufão tenha impedido o barco de vir naquele dia, por isso acabou acarretando em mais uma noite.""",「六軒島的親族會議，一夜就結束了。只是因為那一天趕上台風，考慮到船的狀態，才不得不住兩晚。」,「六轩岛的亲族会议，一夜就结束了。只是因为那一天赶上台风，考虑到船的状态，才不得不住两晚。」,"""La conferenza di famiglia di Rokkenjima solitamente finisce dopo una singola notte. A causa del tifone, quel giorno la barca non fu in grado di venire, e durò due notti."""
Ushiromiya Ange,"""So, when the typhoon passes, ...I'll have to leave the island again...?"" ","""So, when the typhoon passes, ......I'll have to leave the island again...?""",[=UP],「それが過ぎたら、……私は島から、帰らなくてはならないの…？」,[=JP],"""Значит, когда тайфун закончится...... мне опять придётся покинуть остров?..""","""Então, quando o tufão passar, ......eu terei que deixar a ilha de novo...?""",「只要過了那個時間，……我就不得不從島上回來了麼…？」,「只要过了那个时间，……我就不得不从岛上回来了么…？」,"""Quindi, quando passerà il tifone... dovrò di nuovo lasciare l'isola...?"""
Ushiromiya Battler,"""...Not exactly. That decision is yours as well, Ange."" ","""......Not exactly. The decision is yours, Ange.""",[=UP],「……少し違う。それを決めるのも、縁寿なんだ。」,「……少し違う。それを決めるのも、縁寿なんだ」,"""......Не совсем. Решать тебе, Энджи.""","""......Não exatamente. A decisão é sua, Ange.""",「……不太一樣。要決定此事的，也是你自己。」,「……不太一样。要决定此事的，也是你自己。」,"""... Non esattamente. La decisione è tua, Ange."""
Ushiromiya Ange,"""............"" ","""........................""","""............""",「……………………。」,「……………………」,[=OG],[=UP],[=JPC],[=JPC],"""..."""
Ushiromiya Battler,"""You'll decide that yourself."" ","""You have to decide that yourself.""",[=UP],「縁寿が、それを決める。」,「縁寿が、それを決める」,"""Ты должна решить сама.""","""Você precisa decidir isso sozinha.""",「由緣壽來決定這件事。」,「由缘寿来决定这件事。」,"""Devi deciderlo da sola."""
,"...I understand, of course. ","......I understand, of course.",[=UP],……もちろん、わかってる。,[=JP],"......Разумеется, я понимаю.","......Eu entendo, é claro.",……當然，我是知道的。,……当然，我是知道的。,"... Capisco, ovviamente."
,I don't exist on that island on that day. ,I don't exist on that island on that day., I don't exist on that island on that day.,あの日、あの島に、私はいない。,[=JP],В тот день меня нет на острове.,"Eu não existia naquela ilha, naquele dia.",那一天，那座島上，我並不存在。,那一天，那座岛上，我并不存在。,Io non esisto su quell'isola in quel giorno.
,It's a miracle just to be invited there like this. ,It's a miracle just to be invited there like this., It's a miracle just to be invited there like this.,その私を、あの日のあの島に招いてくれるだけで、……これは、奇跡なのだ。,[=JP],Быть приглашённой уже чудо.,Simplesmente ser convidada assim já é um milagre.,能將這樣的我，招待到那一天的那座島上，……就已經是奇跡了。,能将这样的我，招待到那一天的那座岛上，……就已经是奇迹了。,è un miracolo solo l'essere stata invitata lì in questo modo.
,Just the two days before the typhoon passes. Just getting those two days to myself is already the sort of miracle that will never come again. ,Just the two days before the typhoon passes. Just getting those two days to myself is already the sort of miracle that will never come again., Just the two days before the typhoon passes. Just getting those two days to myself is already the sort of miracle that will never come again.,台風が過ぎ去るまでの、ほんの二日間。その、ほんの二日間をくれるだけでも、それは得がたい、二度とない、奇跡。,[=JP],"Всего лишь два дня до окончания тайфуна. Обрести эти два дня уже само по себе чудо, которое больше никогда не случится.","Apenas dois dias antes do tufão passar. Conseguir dois dias, para mim, já é um milagre que nunca mais vai acontecer.",在台風過去之前的短暫兩日。能夠獲賜這短短的兩天，就已經是不可再得的，沒有第二回的，奇跡了。,在台风过去之前的短暂两日。能够获赐这短短的两天，就已经是不可再得的，没有第二回的，奇迹了。,Solo i due giorni prima che passi il tifone. Solo avere quei due giorni è già il genere di miracolo che non accadrà più.
,"If I'm greedy enough to ask for more, that faint miracle might vanish. ","If I'm greedy enough to ask for more, that faint miracle might vanish."," If I'm greedy enough to ask for more, that faint miracle might vanish.",それ以上を欲張ったら、そのわずかな奇跡が、爆ぜて消えてしまうかもしれない。,[=JP],"Если я буду жадно просить большего, даже это слабое чудо может испариться.","Se eu for gananciosa e pedir por mais, esse tênue milagre pode acabar desaparecendo.",再有什麼欲求的話，說不定就連這微小的奇跡，都會爆炸消失得無影無踪。,再有什么欲求的话，说不定就连这微小的奇迹，都会爆炸消失得无影无踪。,"Se sono così avida da chiedere di più, quel vacuo miracolo potrebbe svanire."
,"...Even though I thought this, my young heart, which was still six years old, wasn't satisfied with such a short-lived miracle... ","......Even though I thought this, my young heart, which was still six years old, wasn't satisfied with that short‐lived miracle...","......Even though I thought this, my young heart, which was still six years old, wasn't satisfied with that short-lived miracle...",……そうは思っても、６歳のまま止まった私の幼い心は、そのわずかな時間の奇跡に満足しようとしない…。,[=JP],"......Но несмотря на эти мысли, моё юное сердце, которому по‐прежнему было шесть лет, не устроило недолгое чудо...","......Mesmo pensando nisso, meu jovem coração, que ainda se mantém com seis anos, não estava satisfeito com um milagre tão breve...",……但即便這麼想，止于 6 歲的我的幼小心靈，是難以滿足於這些許時間的奇跡的…。,……但即便这么想，止于 6 岁的我的幼小心灵，是难以满足于这些许时间的奇迹的…。,"... Anche se pensai ciò, il mio giovane cuore, che aveva ancora sei anni, non era soddisfatto di quel miracolo così breve..."
Ushiromiya Ange,"""I don't want to leave."" ","""I don't want to leave.""",[=UP],「帰りたくない。」,「帰りたくない」,"""Я не хочу уходить.""","""Não quero ir embora.""",「我不想回家。」,[=CHT],"""Non voglio andarmene."""
Ushiromiya Battler,"""......I know."" ",""".........I know.""",[=UP],「………わかるよ。」,「………わかるよ」,""".........Знаю.""",""".........Eu sei.""",「………我知道。」,[=CHT],"""... Lo so."""
Ushiromiya Ange,"""I'll be with everyone forever. I'll stay with my family. Even if Onii-chan says I have to head back, ...I'll stay on Rokkenjima."" ","""I'll be with everyone forever. I'll stay with my family. Even if you tell me I have to head back, ......I'll stay on Rokkenjima.""",[=UP],「いつまでも、みんなと一緒にいる。家族で一緒にいる。お兄ちゃんが、もう帰らなくちゃって言っても……、私は六軒島に残る。」,「いつまでも、みんなと一緒にいる。家族で一緒にいる。お兄ちゃんが、もう帰らなくちゃって言っても……、私は六軒島に残る」,"""Я буду со всеми вечно. Я останусь со своей семьёй. Даже если ты скажешь мне, что нужно вернуться...... я останусь на Роккенджиме.""","""Eu quero ficar com todos para sempre. Quero ficar com a minha família. Mesmo se disser que tenho que voltar, ......eu ficarei em Rokkenjima.""",「我想永遠和大家在一起，和家人們在一起。就算哥哥說，必須要回去了……，我也要留在六軒島。」,「我想永远和大家在一起，和家人们在一起。就算哥哥说，必须要回去了……，我也要留在六轩岛。」,"""Starò con tutti per sempre. Starò con la mia famiglia. Anche se mi dici che devo tornare indietro... rimarrò su Rokkenjima."""
Ushiromiya Battler,"""You can stay or you can leave, but it's not as though one of those is ""the right choice"". That's not how it works, Ange."" ","""You can stay or you can leave, but it's not as though one of those is ""the right choice"". That's not how it is, Ange.""","""You can stay or you can leave, but it's not as though one of those is 'the right choice'. That's not how it is, Ange.""",「残るのが正しいとか、帰るのが正しいとか。そういうのじゃないんだよ、縁寿。」,「残るのが正しいとか、帰るのが正しいとか。そういうのじゃないんだよ、縁寿」,"""Ты можешь уйти, а можешь остаться, но ни одно из этих решений не назовёшь правильным выбором. Всё не так, Энджи.""","""Você pode ir ou ficar, mas não é como se uma dessa opções fosse ""a escolha certa"". Não é assim que funciona, Ange.""",「究竟是留下正確，還是回去正確。並不是這樣的問題，緣壽。」,「究竟是留下正确，还是回去正确。并不是这样的问题，缘寿。」,"""Puoi rimanere o puoi andartene, ma non è che una sia la ‘scelta giusta’. {n}Non è così, Ange."""
Ushiromiya Ange,"""...Even so, you'll let me choose...?"" ","""......Even so, you'll let me choose......?""",[=UP],「……それでも、それを私が選ぶの……？」,[=JP],"""......Но ты дашь мне выбрать?..""","""......Mesmo assim, vai me deixar escolher......?""",「……就算如此，我也要做出選擇……？」,「……就算如此，我也要做出选择……？」,"""... Quindi, mi lascerai scegliere...?"""
Ushiromiya Battler,"""Yes. That's what the key is for."" ","""Yes. That's what the key is for.""",[=UP],「そうだよ。その為の鍵が、それなんだよ。」,「そうだよ。その為の鍵が、それなんだよ」,"""Да. Вот зачем нужен ключ.""","""Sim. É pra isso que esta chave serve.""",「是的。這把鑰匙，就是為此而存在的。」,「是的。这把钥匙，就是为此而存在的。」,"""Sì. A questo serve la chiave."""
,Battler touched the glittering key that hung from Ange's neck. ,Battler touched the glittering key that hung from Ange's neck.,[=UP],戦人は、縁寿の胸元で金色に輝くそれを、そっと撫でる。,[=JP],Баттлер дотронулся до сверкающего ключа на шее Энджи.,Battler tocou a cintilante chave que estava dependurada no pescoço de Ange.,戰人輕撫了一下，緣壽胸前閃耀著金色光輝的鑰匙。,战人轻抚了一下，缘寿胸前闪耀着金色光辉的钥匙。,Battler toccò la scintillante chiave che pendeva dal collo di Ange.
Ushiromiya Ange,"""I've...already made my decision."" ","""I've...already made my decision.""",[=UP],「私の答えはもう、決まってるよ。」,「私の答えはもう、決まってるよ」,"""Я... уже приняла решение.""","""Eu já...tomei minha decisão.""",「我的答案，早就已經決定了。」,「我的答案，早就已经决定了。」,"""Ho... già preso la mia decisione."""
Ushiromiya Battler,"""You don't have to decide now. The time to choose will come soon. ...When it does, you must use your honest heart to choose how you'll use that key."" ","""You don't have to decide now. The time to choose will come soon. ......When it does, you must use your honest heart to choose how you'll use that key.""",[=UP],「今は選ばなくていい。選ぶべき時は、すぐに訪れるから。……その時の、縁寿の素直な心で、その鍵をどう使うか、選びなさい。」,「今は選ばなくていい。選ぶべき時は、すぐに訪れるから。……その時の、縁寿の素直な心で、その鍵をどう使うか、選びなさい」,"""Пока не нужно решать. Время выбирать скоро придёт. ......И тогда ты должна будешь искренне выбрать, как воспользоваться этим ключом.""","""Você não precisa decidir agora. A hora de escolher logo chegará. ......Quando chegar, você deve ser honesta com seu coração e usar esta chave.""",「現在不做出選擇也沒關係。該做出選擇的時刻，馬上就會到的。……那個時候，你就遵從自己最真實的想法，來選擇如何使用這把鑰匙。」,「现在不做出选择也没关系。该做出选择的时刻，马上就会到的。……那个时候，你就遵从自己最真实的想法，来选择如何使用这把钥匙。」,"""Non devi decidere ora. Il momento per scegliere arriverà presto. {n}Quando accadrà, dovrai usare il tuo cuore onesto per scegliere come userai quella chiave."""
Ushiromiya Ange,"""............"" ","""...........................""","""............""",「………………………。」,「………………………」,"""...............""",[=UP],[=JPC],[=JPC],"""..."""
Ushiromiya Battler,"""You don't need to listen to anything your Onii-chan tells you. You're free to choose your answer in any way you like. ......However, if you're a good kid, and if you can trust your Onii-chan..."" ","""You don't need to listen to anything I tell you. You're free to decide however you like. ............However, if you're a good kid, and if you can trust your big brother...""","""You don't need to listen to anything I tell you. You're free to decide however you like. .........However, if you're a good kid, and if you can trust your big brother...""",「お兄ちゃんの言うことなんか何も聞かなくてもいい。縁寿のわがままなように、答えを決めても構わない。…………でも。もしも縁寿が良い子で、お兄ちゃんを信用できるなら。」,「お兄ちゃんの言うことなんか何も聞かなくてもいい。縁寿のわがままなように、答えを決めても構わない。…………でも。もしも縁寿が良い子で、お兄ちゃんを信用できるなら」,"""Ты не обязана слушать меня. Можешь решать как знаешь. .........И всё же, если ты хороший ребёнок и доверяешь старшему брату...""","""Não precisa ouvir nada do que eu disser a você. Você é livre para decidir por conta própria. ............Contudo, se for uma boa criança e puder confiar no seu irmão mais velho...""",「哥哥說的話不聽也罷。就由著緣壽自己的性子來選擇，當然也是可以的。…………但是，如果緣壽是好孩子，能信得過哥哥的話。」,「哥哥说的话不听也罢。就由着缘寿自己的性子来选择，当然也是可以的。…………但是，如果缘寿是好孩子，能信得过哥哥的话。」,"""Non devi ascoltare tutto quello che ti dico. Sei libera di decidere come preferisci. ... Tuttavia, se sei una brava bambina, e se puoi credere al tuo Fratellone..."""
Ushiromiya Ange,"""...If I can...?"" ","""......Then what......?""","""......If I can...?""",「……信用できる、なら……？」,[=JP],"""......Если доверяю?..""","""......Se eu puder confiar......?""",「……信得過，的話……？」,「……信得过，的话……？」,"""... Se posso...?"""
Ushiromiya Battler,"""Then believe everything Onii-chan says."" ","""Then believe everything I tell you.""",[=UP],「お兄ちゃんの言うことは、すべて信じなさい。」,「お兄ちゃんの言うことは、すべて信じなさい」,"""Поверь всему, что я тебе скажу.""","""Então acredite em tudo o que eu disser.""",「請相信哥哥所說的一切。」,「请相信哥哥所说的一切。」,"""Allora credi a tutto ciò che ti dico."""
Ushiromiya Ange,"""I'll...believe all of it..."" ","""Believe......everything...""","""I'll......believe you...""",「すべて、……信じる…。」,「すべて、……信じる…」,"""Всему...... что скажешь...""","""Acreditar......em tudo...?""",「相信，……一切…」,[=CHT],"""Io... ti crederò..."""
Ushiromiya Battler,"""That will lead to the best choice for you. Listen to your Onii-chan's words and believe everything. ...Can you do that?"" ","""That will lead to the best choice for you. Listen to my words and believe everything I say. ......Can you do that?""",[=UP],「それが縁寿にとって、一番良い選択になるから。お兄ちゃんの言葉に耳を傾け、そしてすべてを信じなさい。……出来るかい？」,[=JP],"""Так ты придёшь к лучшему выбору. Слушай мои слова и верь всему, что я говорю. ......Можешь?""","""Isso a levará a melhor escolha para você. Ouça minhas palavras e acredite no que eu disser. ......Consegue fazer isso?""",「因為這對緣壽來說，會是最好的選擇。好好聽哥哥的話，然後全都相信。……能做到嗎？」,「因为这对缘寿来说，会是最好的选择。好好听哥哥的话，然后全都相信。……能做到吗？」,"""Ciò porterà alla migliore scelta per te. Ascolta le mie parole e credi a tutto ciò che dico. ... Puoi farlo?"""
Ushiromiya Ange,"""......I don't know."" ","""............I don't know.""",""".........I don't know.""",「…………わかんない。」,「…………わかんない」,""".........Не знаю.""","""............Eu não sei.""",「…………我不知道。」,[=CHT],"""... Non lo so."""
Ushiromiya Battler,"""That's good enough. Believe whatever you want to. That's also a choice you can make."" ","""That's good enough. Just believe whatever you want to. That's also for you to decide.""",[=UP],「それでもいい。信じたいものだけを信じればいい。それも、縁寿が決めていいんだよ。」,「それでもいい。信じたいものだけを信じればいい。それも、縁寿が決めていいんだよ」,"""Сойдёт и так. Верь тому, во что хочешь верить. Это тоже решать тебе.""","""Assim está bom. Acredite naquilo que quiser. Isso também cabe a você decidir.""",「這樣也行。只要相信自己想要相信的事就行了。這也是由緣壽來決定的。」,「这样也行。只要相信自己想要相信的事就行了。这也是由缘寿来决定的。」,"""Va bene lo stesso. Credi solo a ciò che vuoi. Anche per quello sta a te decidere."""
Ushiromiya Ange,"""...If I don't believe Onii-chan, ...will I wake up from this dream...?"" ","""......If I don't believe you, ......will I wake up from this dream...?""",[=UP],「……お兄ちゃんを信じないと。……この夢は、醒めてしまうの…？」,[=JP],"""......Если я не поверю тебе...... этот сон закончится?..""","""......Se eu não acreditar em você, ......vou acordar desse sonho...?""",「……不相信哥哥的話。……這場夢，就會醒來麼…？」,「……不相信哥哥的话。……这场梦，就会醒来么…？」,"""... Se non ti credo... mi sveglierò da questo sogno...?"""
Ushiromiya Battler,"""That won't happen. So don't worry."" ","""That won't happen. So don't worry.""",[=UP],「そんなことはない。だから安心していいよ。」,「そんなことはない。だから安心していいよ」,"""Вовсе нет. Так что не беспокойся.""","""Isso não vai acontecer. Não precisa se preocupar.""",「不會的。所以你大可以放心。」,「不会的。所以你大可以放心。」,"""Non succederà. Quindi non preoccuparti."""
,"For some reason, Ange was suspicious of her brother...and scared of him. ","For some reason, Ange was suspicious of her brother...and scared of him.",[=UP],縁寿は何となく、兄を疑い、怯えていた。,[=JP],Энджи почему‐то относилась к брату с подозрением... и боялась его.,"Por algum motivo, Ange estava suspeitando de seu irmão...e o assustou.",緣壽總歸還是對哥哥有些懷疑，有些懼怕。,缘寿总归还是对哥哥有些怀疑，有些惧怕。,"Per qualche ragione, Ange era sospettosa di suo Fratello... e spaventata da lui."
,"Her wish was to remain on that island on that day, together with her family, forever. ","Her wish was to remain on that island on that day, together with her family, forever."," Her wish was to remain on that island on that day, together with her family, forever.",彼女の希望は、あの日のあの島に、永遠に留まり、家族といつまでも一緒にいること。,[=JP],Она хотела навсегда остаться на острове в тот день вместе со своей семьёй.,"Seu desejo era permanecer na ilha daquele dia, junto com a sua família, para sempre.",她的願望是，能夠永遠地留在那一天的那座島上，和家人永遠在一起。,她的愿望是，能够永远地留在那一天的那座岛上，和家人永远在一起。,"Il suo desiderio era quello di rimanere su quell'isola in quel giorno, insieme alla sua famiglia, per sempre."
,"...She was afraid that, once she got her two miraculous days, ...her brother might tell her to be satisfied with that and return to 12 years in the future all alone. ","......She was afraid that, once she got her two miraculous days, ......her brother might tell her to be satisfied with those, and ask her to return to twelve years in the future all alone.","......She was afraid that, once she got her two miraculous days and accepted them, ...her brother might tell her to return to 12 years in the future all alone.",……奇跡の二日間を得たなら、それに納得し、１２年後の未来にひとりで帰れと、……兄がそんなことを言い出しはしないかと、彼女は怯えていた。,[=JP],"......Она боялась, что как только получит эти два чудесных дня и примет их, ......её брат скажет ей вернуться на 12 лет будущее.","......Ela temia que, uma vez que alcançasse esses dois dias milagrosos, ......seu irmão dissesse a ela para ficar satisfeita com eles, pedindo para que ela retornasse, sozinha, para doze anos no futuro.",……得到了這奇跡的兩天，就應該滿足於此，獨自回到 12 年後的未來吧，……她在懼怕哥哥也許會說出這樣的話語。,……得到了这奇迹的两天，就应该满足于此，独自回到 12 年后的未来吧，……她在惧怕哥哥也许会说出这样的话语。,"... Aveva paura che, una volta che avesse ottenuto i suoi due giorni miracolosi e li avesse accettati... suo Fratello avrebbe potuto dirle di ritornare dodici anni nel futuro tutta sola."
Ushiromiya Battler,"""I already told you. ...There is no right decision. You can go, or you can stay. That's for you to decide. And you don't need to make your decision right now."" ","""I already told you. ......You can go, or you can stay. There is no right decision. That's for you to decide. And you don't need to make your decision right now.""","""I already told you. ......There is no right decision. You can go, or you can stay. That's for you to decide. And you don't need to make your decision right now.""",「さっきも言ったと思う。……残るのが正しいとか、帰るのが正しいとか。そういうのはないんだよ。それを、縁寿が決める。そしてそれは、今すぐ決めなくていい。」,「さっきも言ったと思う。……残るのが正しいとか、帰るのが正しいとか。そういうのはないんだよ。それを、縁寿が決める。そしてそれは、今すぐ決めなくていい」,"""Я уже сказал тебе. ......Правильного решения нет. Ты можешь уйти, а можешь остаться. Решать тебе. И не нужно принимать решение прямо сейчас.""","""Eu já disse. ......Você pode ir ou pode ficar. Não há certo ou errado. Cabe a você decidir. E não precisa decidir isso agora.""",「剛才我已經說過了。……究竟是留下正確，還是回去正確，並不是這樣的問題。這是由你自己決定的。而且，現在不馬上決定也可以。」,「刚才我已经说过了。……究竟是留下正确，还是回去正确，并不是这样的问题。这是由你自己决定的。而且，现在不马上决定也可以。」,"""Te l'ho già detto. ... Non c'è una scelta giusta. Puoi andare, o puoi rimanere. {n}Sta a te decidere. E non hai bisogno di fare la tua decisione adesso."""
Ushiromiya Ange,"""And no one will force me to make either choice...?"" ","""And no one will force me to make either choice...?""",[=UP],「そのどちらかの選択を、誰も強要しない…？」,[=JP],"""И никто не заставит меня выбрать другое?..""","""Ninguém vai me forçar a decidir...?""",「不論哪一個選項，都不會有人來強求…？」,「不论哪一个选项，都不会有人来强求…？」,"""E nessuno mi costringerà a fare una delle scelte...?"""
Ushiromiya Battler,"""Of course."" ","""Of course.""",[=UP],「もちろん。」,「もちろん」,"""Конечно нет.""","""É claro que não.""",「當然了。」,「当然了。」,"""Ovviamente."""
Ushiromiya Ange,"""And Onii-chan won't tell me...to go back to the future...?"" ","""You won't tell me.........to go back to the future......?""","""You won't tell me...to go back to the future......?""",「お兄ちゃんは私に、未来へ帰れなんて、………言わない……？」,[=JP],"""Ты не скажешь мне... вернуться в будущее?..""","""Não vai dizer para eu.........voltar para o futuro......?""",「哥哥你不會對我說，………回未來去……？」,「哥哥你不会对我说，………回未来去……？」,"""Non mi dirai... di ritornare nel futuro...?"""
Ushiromiya Battler,"""...There is a choice your Onii-chan wants you to make. Even so, Onii-chan wants to respect your decision and let you reach it of your own accord, regardless of what it happens to be."" ",""".........There is a choice that I want you to choose. ......I want you to reach that decision by yourself. So, though I hope you make a certain choice, I will respect your decision.""","""......There is a choice that I want you to choose. ......I want you to reach that decision by yourself. So, though I hope you make a certain choice, I will respect your decision.""",「………お兄ちゃんは、縁寿に選んでほしいある選択がある。……それを縁寿が自発的に選んでくれることを望んでる。だから望んではいるが、縁寿の選択は尊重したい。」,「………お兄ちゃんは、縁寿に選んでほしいある選択がある。……それを縁寿が自発的に選んでくれることを望んでる。だから望んではいるが、縁寿の選択は尊重したい」,"""......Есть выбор, который я хочу, чтобы ты сделала. ......Мне хочется, чтобы ты сама приняла это решение. Я надеюсь, что ты сделаешь определённый выбор, но приму твоё решение.""",""".........Há uma escolha que eu quero que você faça. ......Eu quero que chegue a essa decisão sozinha. Por isso, eu espero que faça uma escolha determinada, e eu respeitarei a sua decisão.""",「………哥哥我，的確有著希望你去選擇的選項。……但我希望，那是由你自發選擇的。所以我雖然希望你選擇那個選項，但還是想尊重你的選擇。」,「………哥哥我，的确有着希望你去选择的选项。……但我希望，那是由你自发选择的。所以我虽然希望你选择那个选项，但还是想尊重你的选择。」,"""... C'è una scelta che voglio che tu faccia. ... Voglio che tu la raggiunga da sola. Quindi, anche se spero che tu faccia una certa scelta, rispetterò la tua decisione."""
Ushiromiya Ange,"""And I just told you. I've already made my choice."" ","""And I've already told you. I've already made my choice.""",[=UP],「私もさっき言った。私の答えは、もう決まっているよ。」,「私もさっき言った。私の答えは、もう決まっているよ」,"""А я уже сказала тебе. Я уже сделала выбор.""","""Eu já disse. Eu já fiz a minha escolha.""",「我剛才也說過了。我的回答，早就已經決定了。」,「我刚才也说过了。我的回答，早就已经决定了。」,"""E te l'ho già detto. Ho già fatto la mia scelta."""
Ushiromiya Battler,"""And I just told you. Now isn't the time to choose."" ","""And I told you. Now isn't the time to choose.""",[=UP],「俺もさっき言った。今は、それを選択する時じゃない。」,「俺もさっき言った。今は、それを選択する時じゃない」,"""И я сказал. Пока не время выбирать.""","""E eu também já disse. Não está na hora de escolher ainda.""",「我剛才也說過了。現在，並不是做出選擇的時候。」,「我刚才也说过了。现在，并不是做出选择的时候。」,"""E te l'ho detto. Adesso non è il momento di scegliere."""
Ushiromiya Ange,"""When will it be time?"" ","""When will it be time?""",[=UP],「それはいつ？」,[=JP],"""А когда будет время?""","""E quando vai ser?""",「那要到什麼時候？」,「那要到什么时候？」,"""Quando sarà il momento?"""
Ushiromiya Battler,"""The key will tell you."" ","""The key will tell you.""",[=UP],「その鍵がいずれ、教えてくれるよ。」,「その鍵がいずれ、教えてくれるよ」,"""Ключ подскажет тебе.""","""A chave dirá a você.""",「這把鑰匙到時候會告訴你的。」,「这把钥匙到时候会告诉你的。」,"""La chiave te lo dirà."""
,"The large, gold key hung from Ange's neck. ","The large, gold key hung from Ange's neck.",[=UP],縁寿の首に掛かる、大きな金色の鍵。,[=JP],"С шеи Энджи свисал большой, золотой ключ.",A grande chave dourada pendurada no pescoço de Ange.,掛在緣壽脖子上的，很大的金色鑰匙。,挂在缘寿脖子上的，很大的金色钥匙。,La grande chiave d'oro penzolò dal collo di Ange.
,Her small hand held it tightly... ,Her small hand held it tightly......, Her small hand held it tightly......,それを、縁寿の小さな手が、ぎゅうっと握り締める……。,[=JP],Её маленькая рука крепко сжала его......,Sua mãozinha a segurou com força......,緣壽用自己的小手，緊緊地將它握住……。,缘寿用自己的小手，紧紧地将它握住……。,La sua piccola mano la teneva saldamente...
,"...At that moment, she noticed a book lying on the chapel's altar. ",".........At that moment, she noticed a book lying on the chapel's altar.","......At that moment, she noticed a book lying on the chapel's altar.",………その時、礼拝堂の祭壇の上に置かれた、一冊の本が目に入る。,[=JP],......В этот момент она заметила книгу на алтаре часовни.,".........Naquele momento, ela percebeu um livro descansando sobre o altar da capela.",………這時，放在禮拜堂的祭壇上的一本書，進入了視野。,………这时，放在礼拜堂的祭坛上的一本书，进入了视野。,"... In quel momento, notò un libro che si trovava sull'altare della cappella."
,"The book had a lock on it and was sealed, so that it could not be read without a key. ","The book had a lock on it, and was sealed so that it could not be read without a key."," The book had a lock on it, and was sealed so that it could not be read without a key.",その本は、自らに錠前を掛け、鍵がなければ読めないように封印されていた。,[=JP],"Книга была заперта, чтобы её нельзя было прочитать без ключа.",O livro tinha uma tranca e estava selado para que não pudesse ser lido sem a respectiva chave.,這本書上掛著一把鎖，沒有鑰匙打開的話就無法閱讀，書就這樣被封印著。,这本书上挂着一把锁，没有钥匙打开的话就无法阅读，书就这样被封印着。,"Il libro aveva un lucchetto su di esso, ed era sigillato così che non potesse essere letto senza una chiave."
,Ange looked between the key hanging at her chest and the book on the altar. ,Ange looked between the key hanging at her chest and the book on the altar., Ange looked between the key hanging at her chest and the book on the altar.,縁寿は、自分の胸元の鍵と、祭壇のその本を、じっと見比べる。,[=JP],"Энджи посмотрела сначала на ключ у неё на груди, а потом на книгу на алтаре.",Ange alternou seu olhar entre a chave em seu pescoço e o livro sobre o altar.,緣壽看了看自己胸前的鑰匙，又和祭壇上的書比了比。,缘寿看了看自己胸前的钥匙，又和祭坛上的书比了比。,Ange guardò alternativamente la chiave che pendeva sul suo petto e il libro sull'altare.
Ushiromiya Ange,"""......Will this key unlock that book?"" ",""".........Will this key unlock that book?""",[=UP],「………あの本は、この鍵で開くの？」,[=JP],""".........А этот ключ откроет ту книгу?""",""".........Esta chave abre aquele livro?""",「………那本書，用這把鑰匙打得開嗎？」,「………那本书，用这把钥匙打得开吗？」,"""... Questa chiave aprirà quel libro?"""
Ushiromiya Battler,"""Don't touch that book."" ","""Don't touch that.""",[=UP],「あの本は駄目だ。」,「あの本は駄目だ」,"""Не трогай её.""","""Não toque nele.""",「那一本不行。」,[=CHT],"""Non toccarlo."""
,"His sudden, forceful response made Ange flinch. ","His sudden, forceful response made Ange flinch.",[=UP],ぴしゃりと言われ、縁寿は少し面食らう。,[=JP],"От его неожиданного, резкого ответа Энджи вздрогнула.","De repente, a firme resposta dele fez com que Ange vacilasse.",被這樣斷然拒絕，緣壽有些不知所措。,被这样断然拒绝，缘寿有些不知所措。,La sua improvvisa ed energica risposta fece trasalire Ange.
,"Battler, realizing he had scared Ange, softened his expression. ","Battler, realizing he had scared Ange, softened his expression."," Battler, realizing he had scared Ange, softened his expression.",戦人は、縁寿を怖がらせてしまったことに気付き、表情を和らげて言う。,[=JP],"Баттлер, поняв, что напугал её, смягчил выражение.","Battler, ao perceber que havia assustado Ange, aliviou sua expressão.",戰人察覺到自己嚇著緣壽了，緩和了表情說道。,战人察觉到自己吓着缘寿了，缓和了表情说道。,"Battler, capendo di averla spaventata, addolcì la sua espressione."
Ushiromiya Battler,"""Come on, let's go. ...I'm inviting you to come back to October 4th, 1986."" ","""Come on, let's go. .........I'm inviting you to come back to October 4th, 1986.""","""Come on, let's go. ......I'm inviting you to come back to October 4th, 1986.""",「さぁ、行こう。………１９８６年１０月４日に、縁寿を招待するよ。」,「さぁ、行こう。………１９８６年１０月４日に、縁寿を招待するよ」,"""Ну же, пойдём. ......Я приглашаю тебя вернуться на 4 октября 1986 года.""","""Venha, vamos indo. .........Irei convidá‐la para a Rokkenjima de 1986.""",「來，走吧。………1986 年 10 月 4 日，我會招待緣壽去那一天。」,「来，走吧。………1986 年 10 月 4 日，我会招待缘寿去那一天。」,"""Avanti, andiamo. ... Ti sto invitando a tornare al 4 Ottobre, 1986."""
Ushiromiya Ange,"""Okay."" ","""Okay.""",[=UP],「うん。」,「うん」,"""Да.""","""Sim.""",「嗯。」,[=CHT],"""Ok."""
,"Battler held out his hand, and Ange gripped it tightly. ","Battler held out his hand, and Ange gripped it tightly.",[=UP],戦人が手を伸ばすと、縁寿は固くそれを握る。,[=JP],"Баттлер протянул руку, и Энджи крепко сжала её.",Battler esticou sua mão e Ange a agarrou com força.,戰人伸出了手，緣壽把那隻手緊緊握住。,战人伸出了手，缘寿把那只手紧紧握住。,"Battler porse la sua mano, e Ange la strinse saldamente."
,"Then, they started walking. ","Then, they started walking."," Then, they started walking.",そして二人は、歩き出す。,[=JP],Затем они пошли.,"Assim, eles começaram a andar.",然後兩人，邁出了腳步。,然后两人，迈出了脚步。,"Quindi, iniziarono a camminare."
,A brilliant light lay beyond the chapel's door. ,A brilliant light lay beyond the chapel's door., A brilliant light lay beyond the chapel's door.,礼拝堂の扉の向こうには、眩い光が。,[=JP],За дверью часовни было очень ярко.,Uma luz brilhante estendia‐se para além da porta da capela.,向著禮拜堂的門的對面的，那道炫目光芒。,向着礼拜堂的门的对面的，那道炫目光芒。,Una luce splendente si trovava dietro la porta della cappella.
,That blinding light peeked in through the cracks around the door. ,That blinding light peeked in through the cracks around the door., That blinding light peeked in through the cracks around the door.,目が潰れそうになるほどの光が、扉の隙間から鋭く入ってくる。,[=JP],Через щели вокруг двери просачивался ослепительный свет.,Essa luz cegante permeou através e ao redor da porta.,強烈得要將眼睛晃瞎一般的光，從門縫間射了進來。,强烈得要将眼睛晃瞎一般的光，从门缝间射了进来。,Quella luce accecante entrò dagli spiragli intorno alla porta.
,...The brother and sister began to walk through to the other side... ,......The brother and sister began to walk through to the other side......,[=UP],……その向こうに、二人は歩いていく……。,[=JP],......Брат и сестра направились к другой стороне......,......O irmão e sua irmã começaram a caminhar em direção ao outro lado......,……兩人向著那道光的方向，走了過去……。,……两人向着那道光的方向，走了过去……。,... Fratello e Sorella cominciarono a camminare verso l'altro lato...
Ushiromiya Battler,"{a:c: Welcome back, Ange. {n}This will be the last time.} ","{a:c:Welcome back, Ange.{n} And after this, that will be it.}","{a:c: Welcome back, Ange.{n} This will be the last time.}",{a:c:お帰り、縁寿。{n}そしてこれで最後なんだ。},[=JP],"{a:c: С возвращением, Энджи.{n} В последний раз}.","{a:c:Bem‐vinda de volta, Ange.{n} Este será o último.}",{a:c:歡迎回來，緣壽。{n}這就是最後了。},{a:c:欢迎回来，缘寿。{n}这就是最后了。},"{a:c: Bentornata, Ange. {n}Questa sarà l'ultima volta. }"
Ushiromiya Battler,{a:c: I'm opening this game board one last time...for you...} ,"{a:c:Just for you, I'll open this game board...{n}......one final time......}","{a:c: I'm opening this game board one last time......for you, Ange......}",{a:c:このゲーム盤を、縁寿のために、{n}……最後にもう一度だけ開く……。},[=JP],"{a:c: Я открываю эту игровую доску в последний раз{n}.........для тебя, Энджи......}","{a:c:Apenas para você, eu abrirei o tabuleiro...{n}......pela última vez......}",{a:c:這個遊戲盤，為了緣壽，{n}……將展開最後一次……。},{a:c:这个游戏盘，为了缘寿，{n}……将展开最后一次……。},"{a:c: Sto aprendo questa scacchiera un'ultima volta... per te, Ange... }"
