Speaker,Umineko Project (UP),Steam (ST),Original Witch Hunt (OG),PC Japanese (JP),PS3 Japanese - Censored (JPC),Russian (RU),Brazilian Portuguese (PT),Vietnamese (VI),Chinese Traditional (CHT),Chinese Simplified (CN),Indonesian (IDN),Italian (IT),Turkish (TR)
,"The majestic Witch of Theatergoing, Drama, and Spectating set down her pen, looked at the ceiling, and sighed deeply.","The majestic Witch of Theatergoing, Drama, and Spectating set down her pen, looked at the ceiling, and sighed deeply. ",[=UP],尊厳なる観劇と戯曲と傍観の魔女は、筆を置き、天井を見上げながら深く息を吐き出すのだった。,[=JP],"Величественная ведьма театра, драмы и спектакля положила перо, посмотрела в потолок и глубоко вздохнула.","A majestosa Bruxa do Teatro, Dramaturgia e Observação largou sua caneta, olhando para o teto e suspirando profundamente.",[=UP],富有尊嚴的觀劇、戲曲與旁觀的魔女放下筆，仰望天花板深深地嘆了口氣。,富有尊严的观剧、戏曲与旁观的魔女放下笔，仰望天花板深深地叹了口气。,[=UP],[=UP],[=UP]
,The desk was covered with a scattered mountain of paper covered with writing.,The desk was covered with a scattered mountain of paper covered with writing. , The desk was covered with a scattered mountain of paper covered with writing.,机の上は、書き散らされた膨大な量の原稿用紙が乱雑に積まれている。,[=JP],Стол был накрыт разбросанной горой исписанной бумаги.,"A mesa estava coberta por uma montanha de papel espalhado, preenchido por uma escrita manual.",[=UP],桌子上雜亂地堆著大量書寫過的原稿用紙。,桌子上杂乱地堆着大量书写过的原稿用纸。,[=UP],[=UP],[=UP]
,"Words were packed onto the pages in a thin, high‐information‐density language that only the great ones could read.","Words were packed onto the pages in a thin, high information density language that only the great ones could read. "," Words were packed onto the pages in a thin, high information density language that only the great ones could read.",細やかな、そして尊厳ある者にしか読めぬ情報密度の極めて高い言語が、ぎっしりと書き込まれている。,[=JP],"Слова ложились на страницы в тонком языке высокой информационной плотности, который могли читать только великие.","As palavras estavam condensadas em uma fina linguagem de alta informação e densidade, a qual apenas os mais importantes dentre todos poderiam ler.",[=UP],上面寫滿了細碎的，只有尊嚴之人才能閱讀的擁有超高情報密度的語言。,上面写满了细碎的，只有尊严之人才能阅读的拥有超高情报密度的语言。,[=UP],[=UP],[=UP]
,Each letter of this language carried the same amount of information as several books in the {y:0:Human}{n:0:human} world.,Each letter of this language carried the same amount of information as several books in the Human world. , Each letter of this language carried the same amount of information as several books in the human world.,その言語の一文字は、ニンゲンの世界での書籍数冊に匹敵する情報量を持つ。,[=JP],"Каждая буква этого языка переносит то же количество информации, что и несколько книг мира {y:0:Люд}{n:0:люд}ей.",Cada letra dessa língua carregava a mesma quantia de informação que diversos livros do mundo {y:0:Humano}{n:0:humano}.,[=UP],這些語言的一個字，就有著能匹敵人類世界的數冊書籍的情報量。,这些语言的一个字，就有着能匹敌人类世界的数册书籍的情报量。,[=UP],[=UP],[=UP]
,These letters filled every inch of this huge pile of paper.,These letters filled every inch of this huge pile of paper. , These letters filled every inch of this huge pile of paper.,それによって、ぎっしりと書き上げられた原稿用紙が、これほどに積み上げられているのだから。,[=JP],Такие буквы заполнили каждый дюйм этой огромной бумажной кипы.,Essa letras preenchiam cada centímetro da grande pilha de papel.,[=UP],並且密密麻麻地寫滿了這種語言的原稿紙，堆積了如此之多。,并且密密麻麻地写满了这种语言的原稿纸，堆积了如此之多。,[=UP],[=UP],[=UP]
,"......Surely, she had written out every little detail of some world.","...Surely, she had written out every little detail of some world. ",[=UP],……彼女はきっと、何か一つの世界を、書き切ったに違いなかった。,[=JP],"......Она, безусловно, выписала каждую мелкую деталь некого мира.","......Certamente, ela havia escrito cada mínimo detalhe de algum mundo.",[=UP],……她一定是，寫下了一整個世界。,……她一定是，写下了一整个世界。,[=UP],[=UP],[=UP]
{f:5:Featherine},"""............I have written all there is to write. Though to be accurate, more could yet be written.""","""......Yes, I have written it all. Though to be accurate, I have not truly written it all."" ",""".........Yes, I have written it all. Though to be accurate, I have not truly written it all.""",「…………書き切ったには、書き切った。いや、正確には書き切っておらぬのだが。」,「…………書き切ったには、書き切った。いや、正確には書き切っておらぬのだが」,""".........Да, я всё написала. Хотя, если быть точнее, я не написала всего.""","""............Eu escrevi tudo o que tinha para escrever. Embora possa ser preciso, mais ainda poderia ser escrito.""",[=UP],「…………要說寫完，是寫完了。不，正確來說應該是沒給它寫完。」,「…………要说写完，是写完了。不，正确来说应该是没给它写完。」,[=UP],[=UP],[=UP]
,"She stood up, sat down in her favorite rocking chair, and rocked peacefully for a while.","She stood up, sat down in her favorite rocking chair, and rocked peacefully for a while. ",[=UP],彼女は立ち上がり、お気に入りの揺り椅子に腰を下ろすと、しばらくの間、その緩やかな揺れを楽しんだ。,[=JP],"Она встала, села в своё любимое кресло‐качалку и какое‐то время мирно качалась.","Ela se levantou, sentando‐se em sua cadeira de balanço favorita e balançando tranquilamente por determinado tempo.",[=UP],她站起來，坐到自己中意的搖椅上，以那平緩的搖動為趣搖了一段時間。,她站起来，坐到自己中意的摇椅上，以那平缓的摇动为趣摇了一段时间。,[=UP],[=UP],[=UP]
{f:5:Featherine},"""How much must one write before they can say they've written it all? ......That is what has bothered me in all my years of writing. ......The adventures of {y:0:Human}{n:0:human}s can be very interesting as a tale. However, even I still don't know when that adventure stops being an adventure.""","""How far must one write before they can say they've written it all? ...That is what has bothered me in all my years of writing. ...The adventures of Humans can be very interesting as a tale. However, even I still don't know when that adventure stops being an adventure."" ","""How far must one write before they can say they've written it all? ......That is what has bothered me in all my years of writing. ......The adventures of humans can be very interesting as a tale. However, even I still don't know when that adventure stops being an adventure.""",「どこまでを描けば、果たして物語を書き切ったと言えるのか。……私の、物書きとしての長年の悩みだ。……ニンゲンの冒険は物語としてとても面白い。しかし、どこまでが冒険で、どこからがそうではないのかが、私をしても、未だによくわからぬのだ。」,「どこまでを描けば、果たして物語を書き切ったと言えるのか。……私の、物書きとしての長年の悩みだ。……ニンゲンの冒険は物語としてとても面白い。しかし、どこまでが冒険で、どこからがそうではないのかが、私をしても、未だによくわからぬのだ」,"""Сколько нужно написать, прежде чем можно будет сказать, что всё написано? ......Это беспокоило меня на протяжении всех моих лет писательства. ......Приключения {y:0:Люд}{n:0:люд}ей в виде истории могут быть очень интересны. Но даже я до сих пор не знаю, когда это приключение перестаёт быть приключением.""","""O quanto alguém deve escrever antes de dizer que escreveu tudo? ......Isso é o que sempre me incomodou durante meus muitos anos de escritora. ......As aventuras dos {y:0:Humanos}{n:0:humanos} podem se tornar contos muito interessantes. Contudo, nem mesmo eu sei quando uma aventura deixa de ser uma aventura.""",[=UP],「寫到這裡，能夠說是把故事寫完了嗎？……這是，我作為寫作者長年以來的煩惱。……人類的冒險故事非常非常有趣。但是，哪裡是冒險，哪裡不是，我還不太能分清。」,「写到这里，能够说是把故事写完了吗？……这是，我作为写作者长年以来的烦恼。……人类的冒险故事非常非常有趣。但是，哪里是冒险，哪里不是，我还不太能分清。」,[=UP],[=UP],[=UP]
{f:5:Featherine},"""......My old friend, who is now gone...once said that a {y:0:Human}{n:0:human}'s life is an adventure from beginning to end, so there is never a correct time to set down one's pen. ......I do not agree. I think one must put away the pen at some point. I believe one should write a tale to an appropriate point, then leave the trailing notes and opinions of what follows to the minds of the spectators.""","""...My old friend, who is now gone, once said that a Human's life is an adventure from beginning to end, so there is never a correct time to set down one's pen. ...I do not agree. I think one must put away the pen at some point. I believe one should write a tale to an appropriate point, then leave the aftertaste and opinions to the minds of the spectators."" ","""......My old friend, who is now gone... once said that a human's life is an adventure from beginning to end, so there is never a correct time to set down one's pen. ......I do not agree. I think one must put away the pen at some point. I believe one should write a tale to an appropriate point, then leave the aftertaste and opinions to the minds of the spectators.""",「……すでに没した私の旧友は、ニンゲンの人生は、初めから終わりまでが全て冒険であり、筆を置くところなど存在しないと言ったが。……私はそうは思わぬ。筆の置き所というものがあると思う。物語は、適当なところまでを記し、その後の余韻や感想は、観劇者に委ねるべきだと思う。」,「……すでに没した私の旧友は、ニンゲンの人生は、初めから終わりまでが全て冒険であり、筆を置くところなど存在しないと言ったが。……私はそうは思わぬ。筆の置き所というものがあると思う。物語は、適当なところまでを記し、その後の余韻や感想は、観劇者に委ねるべきだと思う」,"""......Мой старый друг, которого уже нет в живых... однажды сказал, что жизнь {y:0:Человек}{n:0:человек}а — приключение от начала до конца, поэтому никогда не приходит пора опустить ручку. ......Я не согласна. Думаю, в какой‐то момент ручку всё‐таки нужно положить. Я считаю, что нужно написать историю до подходящего момента и оставить у зрителей послевкусие и мнения.""","""......Minha velha amiga, que agora se foi...certa vez disse que a vida {y:0:Humana}{n:0:humana} é uma aventura do início ao fim, portanto nunca é a hora certa de colocar sua caneta para descansar. ......Eu não concordo. Eu penso que é necessário deixá‐la de lado em algum momento. Eu acredito que deve ser escrito até um ponto apropriado, assim deixando para trás notas e opiniões na mente dos espectadores sobre o que transcorreu posteriormente.""",[=UP],「……已經逝去的我的舊友，曾說過人類的人生，從開始到結束全部都是冒險，不存在能夠停筆的地方。……但我不這樣認為。我覺得是有能夠停筆的地方的。故事，要記述到適當的程度，那之後的餘韻和感想，應當交給觀劇者們品味。」,「……已经逝去的我的旧友，曾说过人类的人生，从开始到结束全部都是冒险，不存在能够停笔的地方。……但我不这样认为。我觉得是有能够停笔的地方的。故事，要记述到适当的程度，那之后的余韵和感想，应当交给观剧者们品味。」,[=UP],[=UP],[=UP]
{f:5:Featherine},"""......In short, the tale must be put inside a cat box at the appropriate time. ......The cat box has been the subject of this long tale, so is it not better to refrain from writing the finale in its entirety, to instead put it in the cat box and leave it there...?""","""...In short, the tale must be put inside a cat box at the appropriate time. ...The cat box has been the subject of this long tale, so is it not better to refrain from writing its demise, to instead put it in the cat box and leave it there...?"" ","""......In short, the tale must be put inside a cat box at the appropriate time. ......The cat box has been the subject of this long tale, so is it not better to refrain from writing its demise, to instead put it in the cat box and leave it there...?""",「……つまり、物語は適当なところで猫箱にしまうべきなのだ。……猫箱を巡っての長き物語なのだから、その終焉も最後までを記さず、猫箱にしまってしまうのが良いのではあるまいか…？」,[=JP],"""......В общем, историю надо в нужное время положить в кошачью коробку. ......Кошачья коробка была темой этой длинной истории, так что не лучше ли воздержаться от написания её кончины и вместо этого положить историю в кошачью коробку, оставив её там?..""","""......Resumindo, um conto deve ser colocado dentro da caixa de gato no momento apropriado. ......A caixa de gato foi objeto deste longo conto, logo não seria melhor conter‐me de escrever seu final por completo, ao invés de colocá‐lo na caixa e deixá‐lo lá...?""",[=UP],「……換言之，就是要把故事在適當的時候關入貓箱。……關於貓箱的故事還很長，不記述到終焉的最後一刻，把最後關入貓箱不也很好嗎…？」,「……换言之，就是要把故事在适当的时候关入猫箱。……关于猫箱的故事还很长，不记述到终焉的最后一刻，把最后关入猫箱不也很好吗…？」,[=UP],[=UP],[=UP]
,{f:5:Featherine}......spoke to no one inside the empty study.,{f:5:Featherine}...spoke to no one inside the empty study. ,Featherine...spoke to no one inside the empty study.,フェザリーヌは、自分以外に誰もいない書斎で、……誰にともなく、そう語る。,[=JP],{f:5:Фезарин}...говорила в никуда в пустом кабинете.,{f:5:Featherine}......falou para ninguém dentro do escritório vazio.,[=UP],菲澤莉努在沒有他人在的書房中，……這樣自言自語。,菲泽莉努在没有他人在的书房中，……这样自言自语。,[=UP],[=UP],[=UP]
,"Of course, no one commented on her words.","Of course, no one commented on her words. "," Of course, no one commented on her words.",もちろん、誰かが相槌を打つわけもない。,[=JP],"Разумеется, никто не прокомментировал её слова.","É claro, ninguém comentou sobre suas palavras.",[=UP],當然，也不是打算是與誰交流。,当然，也不是打算是与谁交流。,[=UP],[=UP],[=UP]
,"However, {f:5:Featherine} seemed to hear something.{n}She nodded and grinned contentedly.","However, {f:5:Featherine} seemed to hear something. She nodded and grinned contentedly. "," However, Featherine seemed to hear something. She nodded and grinned contentedly.",しかしフェザリーヌには、それが聞こえたらしい。ウンウンと頷くと、にんまり笑う。,しかしフェザリーヌには、それが聞こえたらしい。{n}ウンウンと頷くと、にんまり笑う。,"Но {f:5:Фезарин}, казалось, что‐то услышала.{n}Она кивнула и довольно улыбнулась.","Entretanto, {f:5:Featherine} pareceu ter ouvido alguma coisa.{n}Ela assentiu e sorriu, contente.",[=UP],但是菲澤莉努似乎能聽到回應。{n}嗯嗯地點著頭，滿意地笑著。,但是菲泽莉努似乎能听到回应。{n}嗯嗯地点着头，满意地笑着。,[=UP],[=UP],[=UP]
{f:5:Featherine},"""Yes, I know. I will write a bit further, then lay down my pen. ......Then, it will be time for us to say our goodbyes.""","""Yes, I know. I will write a bit further, then lay down my pen. ...Then, it will be time for us to say our goodbyes."" ",[=UP],「わかっている。もう少しだけを書き足し、そこで筆を置こう。……それで、そなたとはお別れだ。」,「わかっている。もう少しだけを書き足し、そこで筆を置こう。……それで、そなたとはお別れだ」,"""Да, знаю. Напишу ещё немного и положу перо. ......А затем нам придёт пора прощаться.""","""Sim, eu sei. Eu irei escrever um pouco mais, e assim largar minha caneta. ......Assim, será hora de nos despedirmos.""",[=UP],「我知道。再少許寫一段，然後就停筆。……這樣，就是同汝的告別了。」,「我知道。再少许写一段，然后就停笔。……这样，就是同汝的告别了。」,[=UP],[=UP],[=UP]
,"{f:5:Featherine} held up a finger and spun it around, a signal that she wanted to darken the room.","{f:5:Featherine} held up a finger and spun it around, a signal that she wanted to darken the room. ","Featherine held up a finger and spun it around, a signal that she wanted to darken the room.",フェザリーヌが、少し暗くせよと指を掲げてくるくる回す。,[=JP],"{f:5:Фезарин} повертела пальцем, показывая, что хочет затемнить комнату.","{f:5:Featherine} ergueu seu dedo e o girou, indicando que ela queria escurecer o quarto.",[=UP],菲澤莉努抬起手指轉了轉，讓周圍稍微暗些。,菲泽莉努抬起手指转了转，让周围稍微暗些。,[=UP],[=UP],[=UP]
,The lights in the study dimmed......,The lights in the study dimmed... , The lights in the study dimmed......,すると、書斎の明かりが、ゆっくりと消えていく……。,[=JP],Свет в кабинете потускнел......,As luzes do cômodo enfraqueceram......,[=UP],於是，書房的燈，慢慢滅掉……。,于是，书房的灯，慢慢灭掉……。,[=UP],[=UP],[=UP]
{f:5:Featherine},"""Would you mind letting me rest for a while? ......During that time, my cat......or rather, my miko will entertain you......""","""Would you mind letting me rest for a while? ...During that time, my cat...or rather, my miko will entertain you..."" ",[=UP],「ほんの少しだけ休ませてはくれぬか。……その間は、我が猫、……もとい、我が巫女にお相手をさせよう……。」,「ほんの少しだけ休ませてはくれぬか。……その間は、我が猫、……もとい、我が巫女にお相手をさせよう……」,"""Ничего если я сделаю короткий перерыв? ......А в это время моя кошка...... или, вернее, моя мико развлечёт вас......""","""Se importaria de me deixar descansar por um tempo? ......Durante esse tempo, minha gata......ou melhor, minha miko irá entreter você......""",[=UP],「能讓我稍微休息一陣嗎。……這段時間，我的貓，……或者說，讓我的巫女來同汝交流吧……」,「能让我稍微休息一阵吗。……这段时间，我的猫，……或者说，让我的巫女来同汝交流吧……」,[=UP],[=UP],[=UP]
{f:5:Lambdadelta},"""Owowow{0}ow{0}ow{0}ow{0}ow{0}ow{0}ow, you suck! Can't you be less clumsy with that needle?!""","""Owowowowowowowowow, you suck! Can't you be less clumsy with that needle?!"" ","""Owowowowowowowowow, you suck! Can't you be less clumsy with that needle?!""",「あ痛たたたたたたたたたたッ、ヘタクソッ、もっと上手に縫ってー！」,[=JP],"""Ой‐ой‐ой‐ой‐ой‐ой, достала! Ты можешь обращаться с этой иглой не так неуклюже?!""","""Aiaiai{0}ai{0}ai{0}ai{0}ai{0}ai{0}ai, sua merda! Não poderia ser um pouco melhor com agulhas?!""",[=UP],「啊疼疼疼疼疼疼疼疼，太爛了，再縫好一點——！」,「啊疼疼疼疼疼疼疼疼，太烂了，再缝好一点——！」,[=UP],[=UP],[=UP]
{f:5:Bernkastel},"""......Shut up. If you don't want it sewn by hand, I'll use a sewing machine. Clatter‐clatter‐clatter.""","""...Shut up. If you don't want it sewn by hand, I'll use a sewing machine."" ","""......Shut up. If you don't want it sewn by hand, I'll use a sewing machine.""",「……うっさいわね。手縫いが嫌なら、ミシンでやるわよ。だだだだって。」,「……うっさいわね。手縫いが嫌なら、ミシンでやるわよ。だだだだって」,"""......Заткнись. Если не хочешь зашивать вручную, я возьму швейную машинку.""","""......Cala a boca. Se não quer costurado à mão, então use uma máquina de costura. *dadadadadda*""",[=UP],「……真吵啊。討厭手縫的話，我就用縫紉機了。嗒嗒嗒嗒地。」,「……真吵啊。讨厌手缝的话，我就用缝纫机了。嗒嗒嗒嗒地。」,[=UP],[=UP],[=UP]
{f:5:Lambdadelta},"""No! No machines! I want you to do it by hand! So please, just a bit more gently......owow!""","""No! No machines! I want you to do it by hand! So please, just be a bit more gentle...owow!"" ",[=UP],「ミシンは嫌よー！　手縫いがいいー！　だからせめてもうちょっとやさしく……、痛い痛い！」,[=JP],"""Нет! Не надо машин! Я хочу, чтобы ты зашила вручную! Так что, прошу, будь чуть нежнее...... ой‐ой!""","""Não! Sem máquinas! Eu quero que faça à mão! Por favor, só seja mais gentil......aiai!""",[=UP],「不要縫紉機——！手縫就好——！所以至少稍微溫柔點……，好疼好疼！」,「不要缝纫机——！手缝就好——！所以至少稍微温柔点……，好疼好疼！」,[=UP],[=UP],[=UP]
{f:5:Bernkastel},"""It's nothing a little spit can't fix.""","""It'll get better if you spit on it."" ","""It'll get better if you spit on it.""",「唾つけときゃ治るわよ。」,「唾つけときゃ治るわよ」,"""Будет лучше, если плюнуть.""","""Não é como se um cuspe não resolvesse.""",[=UP],「用口水就能治好了。」,[=CHT],[=UP],[=UP],[=UP]
{f:5:Lambdadelta},"""Yeep!! Tell me before you start licking me all of a sudden!""","""Gyah!! Don't just start licking me all of a sudden!"" ","""Gyah!! Don't just start licking me all of a sudden!""",「キャン！！　予告なく舐めないでー！」,[=JP],"""Гья! Не начинай вдруг лизать меня!""","""Kyan!! Me avise antes de começar a me lamber de repente!""",[=UP],「呀！！不要不經預告就舔——！」,「呀！！不要不经预告就舔——！」,[=UP],[=UP],[=UP]
{f:5:Bernkastel},"""I'm going to sew you up with a long, fat needle now. It'll hurt like hell, so you'd better close your eyes. Five, four, three, two—""","""Hmm, I think this needle should be thick enough. This'll hurt like hell, so you'd better close your eyes. 5, 4, 3, 2-"" ","""Hmm, I think this needle should be thick enough. This'll hurt like hell, so you'd better close your eyes. 5, 4, 3, 2-""",「今から畳針でぶっすり縫うわよ。マジで痛いから覚悟して。５、４、３、２、」,[=JP],"""Хм‐м, вот эта игла достаточно толстая. Будет адски больно, так что лучше закрой глаза. 5, 4, 3, 2‐""","""Vou costurar você com uma agulha mais grossa agora. Vai doer um monte, então é bom fechar os olhos. Cinco, quatro, três, dois—""",[=UP],「現在我要用疊針給你縫了喲。超疼的，你可要準備好。5、4、3、2、」,「现在我要用叠针给你缝了哟。超疼的，你可要准备好。5、4、3、2、」,[=UP],[=UP],[=UP]
{f:5:Lambdadelta},"""A‐and keep that stuff to yourse{-}e{-}e{-}e{-}elf!! Ah, B‐Bern, d‐don't, don't, aaaa!!""","""D-Don't say that right before you start!! Gyaaah, gyaaaaahhh!!"" ","""D, don't say that right before you start!! Gyaaah, gyaaaaahhh!!""",「そ、そういう予告は嫌ぁああぁーーー！！ぎゃーぎゃーー！！」,「そ、そういう予告は嫌ぁああぁーーー！！　あ、べ、ベルン、や、やめて、やめてったら、あぁー！！」,"""Н‐не говори это прямо перед тем как начать!!! Б‐Берн, стой, подожди, гья‐а‐а‐а!!!""","""E‐Eu odeio essas coisa{‐}a{‐}a{‐}a{‐}asss!! Ah, B‐Bern, n‐não, não, aaaa!!""",[=UP],「這、這種預告也不要————！！啊，貝、貝倫，別、別呀，都說別啦，啊啊——！！」,「这、这种预告也不要————！！啊，贝、贝伦，别、别呀，都说别啦，啊啊——！！」,[=UP],[=UP],[=UP]
,"But despite all this, the two of them truly were close.","But despite all this, the two of them truly were close. ",[=UP],と騒ぐ割には、仲睦まじい二人だった。,[=JP],"И всё же, они вдвоём действительно были близки.","Apesar de tudo isso, as duas eram verdadeiramente próximas.",[=UP],這樣吵鬧的，和睦的兩人。,这样吵闹的，和睦的两人。,[=UP],[=UP],[=UP]
,"Though {f:5:Lambdadelta} had been brutally dismembered in the final fight, she had survived.","Though {f:5:Lambdadelta} had been brutally dismembered in the final fight, she had survived. "," Though Lambdadelta had been brutally dismembered in the final fight, she had survived.",最後の戦いで、ばらばらにされたラムダデルタは、ちゃんと生きていた。,[=JP],"Хотя {f:5:Лямбдадельту} жестоко расчленили в последней схватке, она выжила.","Embora {f:5:Lambdadelta} tivesse sido brutalmente desmembrada na luta final, ela sobreviveu.",[=UP],在最後的戰鬥中，全身散架的拉姆達戴露塔也活了下來。,在最后的战斗中，全身散架的拉姆达戴露塔也活了下来。,[=UP],[=UP],[=UP]
,"But, unfortunately, she was still dismembered.","But, unfortunately, she was still dismembered. "," But, unfortunately, she was still dismembered.",ただ困ったことに、ばらばらの状態でだ。,[=JP],"Но, к сожалению, осталась расчленённой.","Mas, infelizmente, ainda estava desmembrada.",[=UP],不過令人困擾的是，是以散架的狀態復活的。,不过令人困扰的是，是以散架的状态复活的。,[=UP],[=UP],[=UP]
,"So, {f:5:Bernkastel} was sewing her arms and head back on with a needle and thread.","So, {f:5:Bernkastel} was sewing her arms and head back on with a needle and thread. "," So, Bernkastel was sewing her arms and head back on with a needle and thread.",だから、その腕や頭などを、ベルンカステルがちくちくと、針と糸で縫い合わせているのだ。,[=JP],Поэтому {f:5:Бернкастель} иглой и нитью пришивала обратно её руки и голову.,"Por isso, {f:5:Bernkastel} estava costurando seus braços e cabeça de volta usando uma linha e uma agulha.",[=UP],所以，貝倫卡斯泰露在將她的手臂還有頭，一樣一樣地用針線縫起來。,所以，贝伦卡斯泰露在将她的手臂还有头，一样一样地用针线缝起来。,[=UP],[=UP],[=UP]
,"The left arm, which was still waiting to be reattached, walked around on the bed impatiently with its index and middle fingers.","The left arm, which was still waiting to be reattached, walked around on the bed impatiently with its index and middle fingers. "," The left arm, which was still waiting to be reattached, walked around on the bed impatiently with its index and middle fingers.",まだ縫い合わせてもらえない左腕が自分はまだかまだかと、世話しなくベッドの上を、人差し指と中指でヨチヨチと歩き回っている。,まだ縫い合わせてもらえない左腕が自分はまだかまだかと、せわしなくベッドの上を、人差し指と中指でヨチヨチと歩き回っている。,"Левая рука, всё ещё ожидающая возвращения на место, нетерпеливо ходила по кровати указательным и средним пальцами.","O braço esquerdo, que ainda aguardava para ser recolocado, caminhou sobre a cama, impaciente, com seu indicador e o dedo do meio.",[=UP],還沒有縫上去的左手像是催促一樣，在床上用食指和中指來回來去地走著。,还没有缝上去的左手像是催促一样，在床上用食指和中指来回来去地走着。,[=UP],[=UP],[=UP]
,"Only the arms were left to do, so it looked like this would be finished soon.","Only the arms were left to do, so it looked like this would be finished soon. "," Only the arms were left to do, so it looked like this would be finished soon.",残すところはあと腕だけで、もうほとんど体は出来上がっているようだった。,[=JP],"Остались только руки, поэтому, похоже, осталось недолго.","Faltavam apenas os braços, logo parecia que acabaria em breve.",[=UP],剩下的就只有手臂，大部分的身體已經恢復了原樣。,剩下的就只有手臂，大部分的身体已经恢复了原样。,[=UP],[=UP],[=UP]
,"Then, Erika returned, slamming the door open.","Then, Erika returned, slamming the door open. "," Then, Erika returned, slamming the door open.",そこへバターンと威勢良くドアを開いて、ヱリカが帰ってくる。,[=JP],"Хлопнув дверью, вернулась Эрика.","Então, Erika retornou, abrindo a porta com tudo.",[=UP],這時門啪嗒一聲被猛然打開，是繪梨花回來了。,这时门啪嗒一声被猛然打开，是绘梨花回来了。,[=UP],[=UP],[=UP]
Furudo Erika,"""I'm home, my master!! I bought some sesame salt!!""","""I'm home, my master!! I bought some sesame salt!!"" ",[=UP],「ただいま帰りました、我が主ー！！　ごま塩、買って来ましたー！！」,[=JP],"""Я дома, госпожа! Купила кунжутную соль!""","""Estou de volta, minha mentora!! Eu comprei sal de sésamo!!""",[=UP],「我回來了，我主——！！芝麻鹽，為您買來了——！！」,「我回来了，我主——！！芝麻盐，为您买来了——！！」,[=UP],[=UP],[=UP]
{f:5:Lambdadelta},"""......Why sesame salt? You aren't planning to put it in tea, are you...?""","""...Why sesame salt? You aren't planning to put it in tea, are you...?"" ",[=UP],「……ごま塩って何？　まさか紅茶に入れる気…？」,[=JP],"""......Почему кунжутную соль? Ты же не собираешься сыпать её в чай?..""","""......Por que sal de sésamo? Não está pensando em colocar isso no chá, né...?""",[=UP],「……芝麻鹽是什麼？難道是打算放進紅茶…？」,「……芝麻盐是什么？难道是打算放进红茶…？」,[=UP],[=UP],[=UP]
{f:5:Bernkastel},"""It's Erika's toy. ......Erika, did you bring your chopsticks?""","""It's Erika's toy. ...Erika, did you bring your chopsticks?"" ",[=UP],「ヱリカの玩具よ。……ヱリカ、お箸は持ってきた？」,[=JP],"""Это игрушка Эрики. ......Эрика, ты принесла свои палочки?""","""É o brinquedo da Erika. ......Erika, você trouxe seu hashi?""",[=UP],「是繪梨花的玩具。……繪梨花，有筷子嗎？」,「是绘梨花的玩具。……绘梨花，有筷子吗？」,[=UP],[=UP],[=UP]
Furudo Erika,"""Yes, my master!! Great detectives have their magnifying glasses! Furudo Erika has her chopsticks.""","""Yes, my master!! Great detectives have their magnifying glasses! Furudo Erika has her chopsticks."" ",[=UP],「はい、我が主！！　名探偵に虫眼鏡！古戸ヱリカにお箸ですっ。」,「はい、我が主！！　名探偵に虫眼鏡！　古戸ヱリカにお箸ですっ」,"""Да, госпожа! У великих детективов всегда есть лупы! У Фурудо Эрики есть палочки.""","""Sim, minha mentora!! Grandes detetives têm as suas lupas! Furudo Erika possuí seus hashis.""",[=UP],「有的，我主！！名偵探有放大鏡！古戶繪梨花有筷子。」,「有的，我主！！名侦探有放大镜！古户绘梨花有筷子。」,[=UP],[=UP],[=UP]
{f:5:Bernkastel},"""Are you ready? Pour out that sesame salt and use those chopsticks to separate the sesame seeds from the salt.""","""Are you ready? Pour out that sesame salt and use those chopsticks to separate the sesame seeds from the salt."" ",[=UP],「じゃあいい？　そのごま塩の中身をざらっと出して、お箸で、ごまと塩に分けなさい。」,「じゃあいい？　そのごま塩の中身をざらっと出して、お箸で、ごまと塩に分けなさい」,"""Готова? Высыпи кунжутную соль и палочками отдели кунжут от соли.""","""Está pronta? Despeje o sal de sésamo e use seu hashi para separar as sementes de sésamo do sal.""",[=UP],「那聽好啊？把這芝麻鹽倒出來，用筷子把芝麻和鹽分開。」,「那听好啊？把这芝麻盐倒出来，用筷子把芝麻和盐分开。」,[=UP],[=UP],[=UP]
Furudo Erika,"""Yes, my master!! Please watch my fantastic chopstick‐wielding skills!!""","""Yes, my master!! Please watch my fantastic chopstick-weilding skills!!"" ","""Yes, my master!! Please watch my fantastic chopstick-weilding skills!!""",「はい、我が主！！　私の華麗なるお箸さばきを、どうかご覧下さいっ！！」,[=JP],"""Да, госпожа! Взгляните на мои фантастические навыки обращения с палочками!""","""Sim, minha mentora!! Por favor, observe minhas fantásticas habilidades manuseando hashis!!""",[=UP],「是，我主！！請看我那華麗的筷技！！」,「是，我主！！请看我那华丽的筷技！！」,[=UP],[=UP],[=UP]
{f:5:Bernkastel},"""Yes, good luck. ......When you're done, make sure you put everything back in the bag.""","""Yeah, good luck. ...When you're done, make sure you put everything back in the bag."" ",[=UP],「えぇ、がんばってね。……終わったら、ちゃんと袋に戻しておくのよ。」,「えぇ、がんばってね。……終わったら、ちゃんと袋に戻しておくのよ」,"""Да, удачи. ......Когда закончишь, не забудь положить всё обратно в сумку.""","""Sim, boa sorte. ......Quando terminar, não esqueça de colocar tudo no saco.""",[=UP],「嗯，要加油啊。……弄完後，要好好放回袋子裡去哦。」,「嗯，要加油啊。……弄完后，要好好放回袋子里去哦。」,[=UP],[=UP],[=UP]
{f:5:Lambdadelta},""".........Are you still bullying her like that?""","""......Are you still bullying her like that?"" ",[=UP],「………あんた、またそーゆーことしてイジメてんの？」,[=JP],""".........Ты до сих пор так над ней издеваешься?""",""".........Ainda está maltratando ela?""",[=UP],「………你還在這麼欺負人啊？」,「………你还在这么欺负人啊？」,[=UP],[=UP],[=UP]
{f:5:Bernkastel},"""How rude. I'm playing with her. .........Ah, yes, Erika. The mailman just came by with a letter addressed to you.""","""How rude. I'm playing with her. ......Ah, yes, Erika. The mailman just came by with a letter addressed to you."" ",[=UP],「遊んでるのよ。失礼ね。………そうそう、ヱリカ。さっき郵便屋が来て、あんた宛の手紙を置いていったわ。」,「遊んでるのよ。失礼ね。………そうそう、ヱリカ。さっき郵便配達が来て、あんた宛の手紙を置いていったわ」,"""Как грубо. Я играю с ней. .........Ах да, Эрика. Только что пришёл почтальон с письмом, адресованным тебе.""","""Mas que rude da sua parte. Eu estou brincando com ela. .........Ah, sim, Erika.{n}O carteiro passou aqui e deixou uma carta para você.""",[=UP],「我是在玩啊。真失禮呢。………對了對了，繪梨花。剛才郵遞員來過，把給你的信放在那裡了。」,「我是在玩啊。真失礼呢。………对了对了，绘梨花。刚才邮递员来过，把给你的信放在那里了。」,[=UP],[=UP],[=UP]
Furudo Erika,"""A letter?! I sense a crime calling to me. Don't tell me, I'll guess who sent it!""","""A letter?! I sense a crime calling to me. Don't tell me, I'll guess who sent it!"" ",[=UP],「手紙？！　事件の予感がしますッ。言わないでっ、私が差出人を当てます！」,[=JP],"""Письмо?! Чую, преступление зовёт меня. Не говорите, я угадаю, кто его отправил!""","""Uma carta?! Sinto um crime me chamando. Não me diga! Irei adivinhar quem enviou!""",[=UP],「信？！有案件的預感。別說，我來猜猜寄信人！」,「信？！有案件的预感。别说，我来猜猜寄信人！」,[=UP],[=UP],[=UP]
{f:5:Bernkastel},""".........The postmark is from Heaven. It's probably from Dlanor or someone. I'm surprised you're still in touch. ......All it takes is the presence of this postmark, and a deduction like this becomes trivial for {f:5:Bernkastel}.""","""......The postmark is from Heaven. It's probably from Dlanor or someone. I'm surprised you're still in touch. ...Just by the presence of this postmark, see how far {f:5:Bernkastel}'s reasoning has taken her."" ",""".........The postmark is from Heaven. It's probably from Dlanor or someone. I'm surprised you're still in touch. ......Just by the presence of this postmark, see how far Bernkastel's reasoning has taken her.""",「………消印は天界ね。ドラノール辺りじゃない？　あんたたち、まだ親交があったのね、驚きだわ。……ただ消印があるだけで。ベルンカステルにはこの程度の推理が可能です。」,「………消印は天界ね。ドラノール辺りじゃない？　あんたたち、まだ親交があったのね、驚きだわ。……ただ消印があるだけで。ベルンカステルにはこの程度の推理が可能です」,""".........Почтовая марка с Небес. Наверное, от Дланор. Не думала, что вы ещё общаетесь. ......Одна лишь эта почтовая марка, и посмотрите, как далеко зашла {f:5:Бернкастель} в своих рассуждениях.""",""".........O carimbo postal é dos Céus. Provavelmente é da Dlanor ou alguma delas. Fico surpresa em saber que ainda mantêm contato. ......Tendo como presente apenas este selo postal, uma dedução como esta é algo trivial para {f:5:Bernkastel}.""",[=UP],「………郵戳是天界呢。是德拉諾爾那邊吧？你們之間居然還有交情啊，真令人吃驚。……僅憑郵戳，貝倫卡斯泰露便可得出這種程度的推理。」,「………邮戳是天界呢。是德拉诺尔那边吧？你们之间居然还有交情啊，真令人吃惊。……仅凭邮戳，贝伦卡斯泰露便可得出这种程度的推理。」,[=UP],[=UP],[=UP]
Furudo Erika,"""Hey!! You can't do that, my master! Van Dine's Rule #9! It's forbidden to have multiple detectives!""","""Hey!! You can't do that, my master! Van Dine's 9th! It's forbidden to have multiple detectives!"" ","""Hey!! You can't do that, my master! Van Dine's 9th! It's forbidden to have multiple detectives!""",「ピピピー！！　駄目です、我が主ぃ！ヴァンダイン第９則！　探偵が複数あることを禁ズ！」,「ピピピー！！　駄目です、我が主ぃ！　ヴァンダイン第９則！　探偵が複数あることを禁ズ！」,"""Эй! Вам нельзя, госпожа! 9‐й Ван Дайн! Может быть только один детектив!""","""Pipipii!! Você não pode fazer isso, minha mentora! 9ª Regra de Van Dine!{n}É proibido ter múltiplos detetives!""",[=UP],「噼噼噼——！！這可不行，我主！范達因第 9 則！禁止偵探有多個！」,「噼噼噼——！！这可不行，我主！范达因第 9 则！禁止侦探有多个！」,[=UP],[=UP],[=UP]
{f:5:Bernkastel},"""......Then you'd better get out. So long, Great Detective Erika.""","""...Then you'd better get out. So long, Great Detective Erika."" ",[=UP],「……じゃあ、あんたが出てけばいいわけだわ。またね、名探偵ヱリカ。」,「……じゃあ、あんたが出てけばいいわけだわ。またね、名探偵ヱリカ」,"""......Тогда тебе лучше уйти. Пока, великий детектив Эрика.""","""......Então é melhor ir embora. Adeus, Grande Detetive Erika.""",[=UP],「……那，你就出去好了。再見了，名偵探繪梨花。」,「……那，你就出去好了。再见了，名侦探绘梨花。」,[=UP],[=UP],[=UP]
Furudo Erika,"""Nooooo, my masteeeer!! {f:5:Erika}, Witch of Truth, is here to serve!""","""My master, how could you?!! I'm {f:5:Erika}, Witch of Truth!"" ","""My master, how could you?!! I'm Erika, Witch of Truth!""",「そんなぁああぁ、我が主ぃいいぃ、真実の魔女ヱリカ、ここにぃ！」,[=JP],"""Госпожа, как вы могли?!! Я — {f:5:Эрика}, ведьма правды!""","""Nãooooo, minha mentoraaaa!! {f:5:Erika}, a Bruxa da Verdade, está bem aqui para servi‐la!""",[=UP],「別這樣————，我主————，真實的魔女艾莉卡，在此！」,「别这样————，我主————，真实的魔女艾莉卡，在此！」,[=UP],[=UP],[=UP]
{f:5:Lambdadelta},"""............I still can't tell if you two like each other or hate each other.""","""...I still can't tell if you two like each other or hate each other."" ","""......I still can't tell if you two like each other or hate each other.""",「…………あんたらって、仲いいのか悪いのか、未だによくわかんないわ。」,「…………あんたらって、仲いいのか悪いのか、未だによくわかんないわ」,"""......До сих пор не понимаю, любите вы друг друга или же ненавидите.""","""............Ainda não sei dizer se vocês se gostam ou se odeiam.""",[=UP],「…………你們兩個關係到底是好還是差，我到現在還沒搞清楚。」,「…………你们两个关系到底是好还是差，我到现在还没搞清楚。」,[=UP],[=UP],[=UP]
{f:5:Bernkastel},"""Of course we hate each other. You're the only one I love.""","""Of course we hate each other. You're the only one I love."" ",[=UP],「悪いに決まってるでしょ。私が愛してるのはあんただけよ。」,「悪いに決まってるでしょ。私が愛してるのはあんただけよ」,"""Ненавидим, конечно же. Ты единственная, кого я люблю.""","""É claro que nos odiamos. Você é a única que eu amo.""",[=UP],「當然是差了。我愛著的只有你哦。」,「当然是差了。我爱着的只有你哦。」,[=UP],[=UP],[=UP]
Furudo Erika,"""H‐how could you, my master!! Lady {f:5:Lambdadelta}! It looks like there's not enough room for the two of us!""","""H-How could you, my master?!! Lady {f:5:Lambdadelta}! It looks like there's not enough room for the two of us!"" ","""H, how could you, my master!! Lady Lambdadelta! It looks like there's not enough room for the two of us!""",「そ、そんなぁああぁあ、我が主ぃいいいぃい！！ラムダデルタ卿！　やはり私とあなたは相容れないようですね！」,「そ、そんなぁああぁあ、我が主ぃいいいぃい！！　ラムダデルタ卿！　やはり私とあなたは相容れないようですね！」,"""Ка... как вы можете, госпожа?! Леди {f:5:Лямбдадельта}! Здесь слишком мало места для нас двоих!""","""C‐Como pôde, minha mentora!! Lady {f:5:Lambdadelta}! Parece que não há espaço para nós duas!""",[=UP],「怎、怎麼這樣啊啊啊，我主——————！！拉姆達戴露塔卿！果然我和你是無法相容的呢！」,「怎、怎么这样啊啊啊，我主——————！！拉姆达戴露塔卿！果然我和你是无法相容的呢！」,[=UP],[=UP],[=UP]
{f:5:Lambdadelta},"""Are you serious? ......Are you challenging the great {f:5:Lambdadelta}?""","""Are you serious? ...Are you challenging the great {f:5:Lambdadelta}?"" ","""Are you serious? ......Are you challenging the great Lambdadelta?""",「何よ、あんた。……この大ラムダデルタを相手に、勝負する気ぃ？」,[=JP],"""Ты серьёзно? ......Бросаешь вызов великой {f:5:Лямбдадельте}?""","""Tá falando sério? ......Está desafiando a Grande {f:5:Lambdadelta}?""",[=UP],「幹嘛啊你。……想與我這大拉姆達戴露塔一決勝負嗎？」,「干嘛啊你。……想与我这大拉姆达戴露塔一决胜负吗？」,[=UP],[=UP],[=UP]
,Erika grinned and grabbed {f:5:Lambdadelta}'s left arm that was walking around the bed.,"Erika grinned and grabbed {f:5:Lambdadelta}'s left arm, which had been walking around the bed. ",Erika grinned and grabbed Lambdadelta's left arm that was walking around the bed.,ヱリカは、にかっと笑い、ベッドの上を歩き回っていたラムダデルタの左腕を捕まえる。,[=JP],"Эрика ухмыльнулась и схватила левую руку {f:5:Лямбдадельты}, блуждающую на кровати.","Erika sorriu e agarrou o braço esquerdo de {f:5:Lambdadelta}, que ainda estava passeando por cima da cama.",[=UP],繪梨花嘿嘿笑著，抓住了在床上來回走的拉姆達戴露塔的左手。,绘梨花嘿嘿笑着，抓住了在床上来回走的拉姆达戴露塔的左手。,[=UP],[=UP],[=UP]
Furudo Erika,"""Here is Lady {f:5:Lambdadelta}'s arm. And here is the sliced‐open end of her arm.""","""I have here Lady {f:5:Lambdadelta}'s arm. And here is the sliced-open end of her arm."" ","""Here is Lady Lambdadelta's arm. And here is the sliced-open end of her arm.""",「ここにラムダデルタ卿の腕があります。そしてここは、断面です。」,「ここにラムダデルタ卿の腕があります。そしてここは、断面です」,"""Вот рука леди {f:5:Лямбдадельты}. А вот открытый конец её руки.""","""Aqui está o braço da Lady {f:5:Lambdadelta}. E aqui está seu corte transversal.""",[=UP],「這是拉姆達戴露塔卿的手臂。然後這裡是，斷面。」,「这是拉姆达戴露塔卿的手臂。然后这里是，断面。」,[=UP],[=UP],[=UP]
,Erika grinned and wiggled her fingers menacingly.,Erika grinned and wiggled her fingers menacingly. ,[=UP],ヱリカはにやにや笑いながら、指をわきわきさせる。,[=JP],Эрика усмехнулась и угрожающе пошевелила пальцами.,Erika sorriu maliciosamente e mexeu seus dedos de forma ameaçadora.,[=UP],繪梨花壞笑著，手指作出咯吱的動作。,绘梨花坏笑着，手指作出咯吱的动作。,[=UP],[=UP],[=UP]
{f:5:Lambdadelta},"""Wait, ......you aren't thinking.........""","""Wait, ...you aren't thinking......"" ",[=UP],「ちょ、……まさか、あんた………、」,[=JP],"""Стой...... ты же не.........""","""Espera, ......não está pensando em.........""",[=UP],「等、……難道，你………，」,「等、……难道，你………，」,[=UP],[=UP],[=UP]
Furudo Erika,"""Let's see if my rival can handle this.""","""Let's see if my rival can handle this."" ",[=UP],「私のライバルには、こぉんなことが出来ます。」,「私のライバルには、こぉんなことが出来ます」,"""Посмотрим, сможет ли мой соперник справиться с этим.""","""Vejamos se minha rival consegue lidar com isso.""",[=UP],「我對競爭對手，會這～麼做。」,「我对竞争对手，会这～么做。」,[=UP],[=UP],[=UP]
{f:5:Lambdadelta},"""Gyah, gyah{0}ha{0}ha{0}ha{0}ha{0}ha{0}haa{0}haha, ahh{0}hya{0}ha{0}ha{0}haha, stoppii{-}i{-}i{-}i{-}it that tickle{-}e{-}e{-}e{-}e{-}es!!""","""Gyah, gyahhahahahahahaahaha, ahhhyahahahaha, stoppit that tickleeeeeees!!"" ","""Gyah, gyahhahahahahahaahaha, ahhhyahahahaha, stoppit that tickles!!""",「ぎゃッ、ぎゃわっはははっはっははははは、あひゃーひゃっひゃっひゃ、やぁめてぇえええぇくすぐったいいぃいいいぃ！！」,[=JP],"""Гья, гья‐ха‐ха‐ха‐ха‐ха‐ха, а‐хья‐ха‐ха‐ха, прекрати щекотать!!!""","""Gyah, gyah{0}ha{0}ha{0}ha{0}ha{0}ha{0}haa{0}haha, ahh{0}hya{0}ha{0}ha{0}haha, paraa{‐}a{‐}a{‐}a{‐}aa, isso faz cócega{‐}a{‐}a{‐}a{‐}a{‐}as!!""",[=UP],「呀、哈哇哈哈哈哈哈哈哈哈哈哈，啊哈哈哈哈，住手呀啊啊啊好癢好癢——————————！！」,「呀、哈哇哈哈哈哈哈哈哈哈哈哈，啊哈哈哈哈，住手呀啊啊啊好痒好痒——————————！！」,[=UP],[=UP],[=UP]
,"......She tickled the open end of {f:5:Lambdadelta}'s left arm. Apparently, she was extremely ticklish there.","...She tickled the inside of {f:5:Lambdadelta}'s left arm. Apparently, she was extremely ticklish there. ","......She tickled the inside of Lambdadelta's left arm. Apparently, she was extremely ticklish there.",……ラムダデルタの左腕の断面をこちょこちょとくすぐる。どうやらそれは、ものすごいくすぐったいことらしかった。,[=JP],"......Эрика защекотала внутри левую руку {f:5:Лямбдадельты}. Видимо, было очень щекотно.","......Ela fez cosquinha na abertura localizada na extremidade do braço esquerdo de {f:5:Lambdadelta}. Pelo que parece, esse é um de seus pontos sensíveis.",[=UP],……繪梨花撓著拉姆達戴露塔的左手的斷面。看來這麼做，會讓她特別癢。,……绘梨花挠着拉姆达戴露塔的左手的断面。看来这么做，会让她特别痒。,[=UP],[=UP],[=UP]
,"Incidentally, the open end of {f:5:Lambdadelta}'s arm was cute and fluffy with white cotton candy poking out.","Incidentally, the open end of {f:5:Lambdadelta}'s arm had cute, fluffy, white cotton candy poking out. "," Incidentally, the open end of Lambdadelta's arm had cute, fluffy, white cotton candy poking out.",ちなみに、ラムダデルタのその断面は、綿飴の白いふわふわがはみ出した可愛いものだ。,[=JP],"Между прочим, из открытого конца руки {f:5:Лямбдадельты} торчала милая, пушистая, белая сахарная вата.","A propósito, a extremidade aberta do braço de {f:5:Lambdadelta} era adorável e fofinha, com algodão‐doce branco saindo para fora.",[=UP],另外，拉姆達戴露塔的這個斷面，是像棉花糖一樣又白又軟的可愛東西。,另外，拉姆达戴露塔的这个断面，是像棉花糖一样又白又软的可爱东西。,[=UP],[=UP],[=UP]
,"Apparently, her body was made out of sweet candy, with a bit of spice thrown in.","Apparently, her body was made out of sweet candy, with a bit of spice thrown in. "," Apparently, her body was made out of sweet candy, with a bit of spice thrown in.",何しろ彼女の体は、甘いお菓子とちょっぴりのスパイスで出来ているのだから。,[=JP],"Похоже, её тело было сделано из сладкой конфеты и щепотки специй.","Aparentemente, seu corpo é feito de doces, com um pouco de tempero misturado no meio.",[=UP],畢竟她的身體，是用甜零食和香料做成的。,毕竟她的身体，是用甜零食和香料做成的。,[=UP],[=UP],[=UP]
,"Put your mind at ease, as there is nothing remotely terrifying about her severed arm.","Put your mind at ease, as there is nothing remotely terrifying about this scene. "," Put your mind at ease, as there is nothing remotely terrifying about this scene.",断面は、決して怖いものではないのでご安心を。,[=JP],"Но успокойтесь, в этой сцене не было ничего даже отдалённо ужасающего.","Pode ficar tranquilo, não há nada minimamente assustador no braço amputado dela.",[=UP],那斷面一點都不恐怖，請安心。,那断面一点都不恐怖，请安心。,[=UP],[=UP],[=UP]
,"Erika ran around, screaming ""I've defeated Lady {f:5:Lambdadelta} all by myself, just like my master!"" {f:5:Lambdadelta} growled and hissed at her. {f:5:Bernkastel} kept on sewing, an exasperated look on her face.","Erika ran around, screaming ""I've defeated Lady {f:5:Lambdadelta} all by myself, just like my master!"" {f:5:Lambdadelta} growled and hissed at her. {f:5:Bernkastel} kept on sewing, an exasperated look on her face. "," Erika ran around, screaming 'I've defeated Lady Lambdadelta all by myself, just like my master!'. Lambdadelta growled and hissed at her. Bernkastel kept on sewing, an exasperated look on her face.",我が主に続き、私もラムダデルタ卿に単機で勝ちました！　そう叫びながら飛び回るヱリカに、がるるるるると吼えて威嚇するラムダデルタ。呆れながらも、ちくちくと親友を縫うベルンカステル。,[=JP],"Эрика бегала, крича: «Я победила леди {f:5:Лямбдадельту} сама, как моя госпожа!». {f:5:Лямбдадельта} зарычала и зашипела на неё. {f:5:Бернкастель} продолжала шить с сердитым видом.","Erika ficou se gabando e gritando ""Eu derrotei a Lady {f:5:Lambdadelta} sozinha, assim como a minha mentora fez!"". {f:5:Lambdadelta} rugiu e gruniu para ela. {f:5:Bernkastel} continuou costurando, com uma expressão exasperada em sua face.",[=UP],繼我主之後，我也單挑拉姆達戴露塔卿取勝啦！對這樣喊著四處跑的繪梨花，拉姆達戴露塔像老虎一樣低吼著威脅。為此而吃驚著，也依舊在縫著摯友的貝倫卡斯泰露。,继我主之后，我也单挑拉姆达戴露塔卿取胜啦！对这样喊着四处跑的绘梨花，拉姆达戴露塔像老虎一样低吼着威胁。为此而吃惊着，也依旧在缝着挚友的贝伦卡斯泰露。,[=UP],[=UP],[=UP]
,It was a very peaceful scene...,It was a very peaceful scene... , It was a very peaceful scene...,それはとても和やかな風景だった…。,[=JP],Эта сцена была очень мирной...,Foi uma cena muito reconfortante...,[=UP],這是何等和平的風景…。,这是何等和平的风景…。,[=UP],[=UP],[=UP]
{f:5:Bernkastel},"""So? What does the letter say?""","""So? What does the letter say?"" ",[=UP],「それで？　手紙には何て？」,[=JP],"""И? Что говорится в письме?""","""Então? O que a carta diz?""",[=UP],「於是？信到底是什麼？」,「于是？信到底是什么？」,[=UP],[=UP],[=UP]
{f:5:Lambdadelta},"""Is there anything about how Dlanor and the others have been doing?""","""Anything about what Dlanor and the others have been up to?"" ",[=UP],「ドラノールたちの近況でも書いてあんの？」,[=JP],"""Там о том, как дела у Дланор и других?""","""Fala algo sobre o que a Dlanor e suas subordinadas estão fazendo?""",[=UP],「是寫了德拉諾爾她們的近況麼？」,「是写了德拉诺尔她们的近况么？」,[=UP],[=UP],[=UP]
Furudo Erika,"""Gertrude‐san has been promoted to a full Inquisitor or something. Hip hip hooray, I guess. ......Ooh, in addition to her cat, she now has a {ruby:wanyan:meowoof} too.""","""Gertrude-san has been promoted to a full Inquisitor or something. Well, good for her, yay. ...Ooh, in addition to her cat, she's got a {ruby:wanyan:meowoof} now too."" ","""Gertrude-san has been promoted to a full Inquisitor or something. Well, good for her, yay. ......Ooh, in addition to her cat, she now has a meowoof too.""",「ガートルードさんは異端審問官に昇進したとか。そりゃーオメデトウゴザイマス、ぱちぱち。……へー、最近、猫に続いて、わにゃんを飼い始めたとか。」,「ガートルードさんは異端審問官に昇進したとか。そりゃーオメデトウゴザイマス、ぱちぱち。……へー、最近、猫に続いて、わにゃんを飼い始めたとか」,"""Гертруду повысили до полноценного инквизитора. Ну, поздравляю, ура. ......О‐о, кстати, у её кошки теперь тоже есть мяугав.""","""A Gertrude‐san parece ter sido promovida para uma Inquisidora integral ou algo assim. Creio que seja algo bom, palmas pra ela. ......Ooh, e sobre seu gato, parece que ela tem um miauauau agora.""",[=UP],「格德魯特小姐似乎晉升為異端審問官了。這可真是恭喜恭喜，啪唧啪唧。……哦？最近，繼貓之後，又開始養了汪喵。」,「格德鲁特小姐似乎晋升为异端审问官了。这可真是恭喜恭喜，啪唧啪唧。……哦？最近，继猫之后，又开始养了汪喵。」,[=UP],[=UP],[=UP]
{f:5:Bernkastel},"""............What's a meowoof...?""","""......What's a meowoof...?"" ",[=UP],「…………わにゃんって何…？」,[=JP],"""............Какой мяугав?..""","""............O que é um miauauau...?""",[=UP],「…………汪喵是什麼…？」,「…………汪喵是什么…？」,[=UP],[=UP],[=UP]
{f:5:Lambdadelta},"""What, you don't know?! You're so out of touch! They've been all the rage lately! Even I got a female meowoof a few days back. They make awesome konpeitou too!""","""What, you don't know?! You're so out of touch! They've been all the rage lately! Even I got a female meowoof a few days back. You can make awesome konpeitou with them too!"" ",[=UP],「えー、ベルン知らないの？！　遅れてるぅ〜！　最近、ブームじゃないっ！　最近、私もメスのわにゃんを飼い出したのよ。金平糖も美味しく作れて最高よ？！」,[=JP],"""Что, ты не знаешь?! Ты так отстала от жизни! Они сейчас последний писк моды! Даже мне пару дней назад пришёл женский мяугав. Они ещё и делают прекрасные компейто!""","""Pera, você não sabe?! Que desatualizada! Estão súper na moda recentemente! Até eu estou criando uma miauauau, sabia? Eles também fazem konpeitous incríveis!""",[=UP],「誒，貝倫不知道嗎？！太落伍了～！最近，超流行的！我最近也養了母的汪喵喲。還能做成好吃的金平糖可棒了呢？！」,「诶，贝伦不知道吗？！太落伍了～！最近，超流行的！我最近也养了母的汪喵哟。还能做成好吃的金平糖可棒了呢？！」,[=UP],[=UP],[=UP]
{f:5:Bernkastel},"""......I'm totally lost, but I'll make sure I stay far away from your homemade food in the future...""","""...I'm totally lost, but I'll make sure I stay far away from your homemade food in the future..."" ",[=UP],「……よくわかんないけど、今度からあんたの手作り菓子を食べるのは遠慮するようにするわ…。」,「……よくわかんないけど、今度からあんたの手作り菓子を食べるのは遠慮するようにするわ…」,"""......Ничего не поняла, но в будущем буду держаться подальше от твоей стряпни...""","""......Não sei se entendi direito, mas irei evitar suas comidas caseiras no futuro...""",[=UP],「……雖然不太清楚，不過下次我就不吃你親手做的甜食了……」,「……虽然不太清楚，不过下次我就不吃你亲手做的甜食了……」,[=UP],[=UP],[=UP]
Furudo Erika,"""Cornelia‐san is.........oooh. She learned that being good at martial arts gives you an edge in the Inquisitor exams, so she's started combat training. Pretty hard to imagine her doing that, right?""","""Cornelia-san is......oooh. During an inquisitor exam, she found that she's really good at fighting, so she's started combat training. Pretty hard to imagine her doing that, right?"" ","""Cornelia-san is.........oooh. During an inquisitor exam, she found that she's really good at fighting, so she's started combat training. Pretty hard to imagine her doing that, right?""",「コーネリアさんは、………へー。審問官選考に格闘技段位が有利と知って、最近は格闘技を始めたとかっ。全然、想像がつきませんねー。」,「コーネリアさんは、………へー。審問官選考に格闘技段位が有利と知って、最近は格闘技を始めたとかっ。全然、想像がつきませんねー」,"""Корнелия......... о‐о‐о. Во время экзамена на инквизитора она поняла, что очень хороша в сражениях, и начала боевую подготовку. Трудно представить, правда?""","""A Cornelia‐san está.........oooh. Ela aprendeu que ser boa em artes marciais faz com que você avance nos exames de Inquisidor, por isso começo a treinar também. Difícil imaginar ela fazendo isso, não?""",[=UP],「柯內莉亞小姐是，………嘿。得知格闘技的段位對審問官選拔考試很有利，最近開始練習格闘技了。完全想像不出來呢。」,「柯内莉亚小姐是，………嘿。得知格斗技的段位对审问官选拔考试很有利，最近开始练习格斗技了。完全想象不出来呢。」,[=UP],[=UP],[=UP]
{f:5:Lambdadelta},"""Well, there's all kinds of combat training. What's she doing?""","""Well, there's all kinds of combat training. What's she doing?"" ",[=UP],「格闘技ったって色々あるわよ。何、始めたの？」,[=JP],"""Ну, есть много видов боевой подготовки. Чем она занимается?""","""Bem, existem todo tipo de treinamento de combate. O que ela está fazendo?""",[=UP],「格闘技有好多種啊。開始練什麼了？」,「格斗技有好多种啊。开始练什么了？」,[=UP],[=UP],[=UP]
Furudo Erika,"""Looks like kickboxing and Chinese Kenpo. Could that be Eva's influence?""","""Looks like kickboxing and Chinese Kenpo. Could that be Eva's influence?"" ",[=UP],「キックボクシングに中国拳法だとか。絵羽の影響ですかね？」,[=JP],"""Кикбоксингом и китайским кэмпо. Неужели влияние Евы?""","""Parece ser kickboxing e kenpou chinês. Será que é influência da Eva?""",[=UP],「踢拳還有中國拳法。是受繪羽的影響嗎？」,「踢拳还有中国拳法。是受绘羽的影响吗？」,[=UP],[=UP],[=UP]
{f:5:Bernkastel},""".........Doesn't she look like she'd fight pretty good standing on one leg?""","""......I'll bet she'd fight pretty good standing on one leg."" ",[=UP],「………片足で立って戦いそうなイメージない？」,[=JP],""".........Наверное, она бы отлично боролась, стоя на одной ноге.""",""".........Ela não me pareceu muito boa em lutar com apenas uma perna.""",[=UP],「………感覺都像是會單腳站著戰鬥？」,「………感觉都像是会单脚站着战斗？」,[=UP],[=UP],[=UP]
{f:5:Lambdadelta},"""Good point. A certain someone must've toughened her up by making her stand on one leg all the time.""","""Good point. After all, she's been trained pretty well by a certain someone already."" ",[=UP],「そうよねぇ。誰かさんが、片足立ちをずいぶん鍛えたもんねぇ。」,「そうよねぇ。誰かさんが、片足立ちをずいぶん鍛えたもんねぇ」,"""Точно подмечено. Кое‐кто явно ужесточил её, заставив столько времени простоять на одной ноге.""","""Bom ponto. Uma certa pessoa deve ter fortalecido ela fazendo‐a ficar o tempo todo em uma perna.""",[=UP],「是呢。畢竟是被某人好好鍛鍊過單腳站立嘛。」,「是呢。毕竟是被某人好好锻炼过单脚站立嘛。」,[=UP],[=UP],[=UP]
Furudo Erika,"""It also talks about Will‐san. Ah, that's a surprise! Looks like Will‐san hit it big on the foreign exchange, and he's now living a life of leisure on the income from his real estate investments...! Sounds like he's started playing badminton lately too.""","""It also mentions Will-san. Ah, there's a surprise! Looks like Will-san hit it big on the foreign exchange market, and he's now living a life of leisure on the income from his real estate investments...! Sounds like he's started playing badminton lately too."" ","""It also talks about Will-san. Ah, that's a surprise! Looks like Will-san hit it big on the foreign exchange, and he's now living a life of leisure on the income from his real estate investments...! Sounds like he's started playing badminton lately too.""",「ウィルさんの近況も書いてありますよ。えー、意外ー！ウィルさん、ＦＸで一山当てたらしくて、それで不動産買って、今は不動産収入で悠々自適だとか…！最近はバドミントンやってるんですってー。」,「ウィルさんの近況も書いてありますよ。えー、意外ー！　ウィルさん、ＦＸで一山当てたらしくて、それで不動産買って、今は不動産収入で悠々自適だとか…！　最近はバドミントンやってるんですってー」,"""Здесь говорится и о Уилле. А, вот так сюрприз! Уилл разбогател на иностранной валюте и теперь живёт без забот на доходы от своих вкладов в недвижимость!.. В последнее время он ещё начал играть в бадминтон.""","""Também menciona o Will‐san. Ora, que surpresa! Parece que o Will‐san acertou em cheio na {f:5:FOREX} e agora está vivendo uma vida tranquila com os rendimentos dos seus investimentos imobiliários...! Parece que ele também começou a jogar badminton.""",[=UP],「還有威爾先生的近況呢。誒，真意外！威爾先生好像炒外匯大賺了一筆，用這筆錢買了不動產，現在就靠不動產收入悠閑自得中…！還說最近開始打羽毛球了。」,「还有威尔先生的近况呢。诶，真意外！威尔先生好像炒外汇大赚了一笔，用这笔钱买了不动产，现在就靠不动产收入悠闲自得中…！还说最近开始打羽毛球了。」,[=UP],[=UP],[=UP]
{f:5:Bernkastel},"""......I'll bet he has a hellish coach.""","""...I'll bet he has a hellish coach."" ",[=UP],「……コーチが厳しそうね。」,「……コーチが厳しそうね」,"""......Сдаётся мне, у него адский тренер.""","""......Aposto que o treinador é bem rigoroso.""",[=UP],「……教練會很嚴厲呢。」,「……教练会很严厉呢。」,[=UP],[=UP],[=UP]
{f:5:Lambdadelta},"""His butt's probably swollen by now.""","""His butt's probably swollen by now."" ",[=UP],「きっとおしりが腫れ上がってるわよ。」,「きっとおしりが腫れ上がってるわよ」,"""Его зад, наверное, уже опух.""","""Certo que já deve estar com a bunda inchada.""",[=UP],「肯定屁股都腫起來了。」,「肯定屁股都肿起来了。」,[=UP],[=UP],[=UP]
{f:5:Bernkastel},"""So, what about Dlanor?""","""So, what about Dlanor?"" ",[=UP],「で、ドラノールは？」,[=JP],"""А Дланор?""","""E quanto a Dlanor?""",[=UP],「那，德拉諾爾呢？」,「那，德拉诺尔呢？」,[=UP],[=UP],[=UP]
Furudo Erika,"""As usual, she's stamping things, stamping things, sealing things, approving things, and {i:sometimes} even signing things.""","""As usual, she's stamping things, stamping things, sealing things, approving things, and sometimes even signing things. "" ","""As usual, she's stamping things, stamping things, sealing things, approving things, and sometimes even signing things."" ",「相変わらず、ハンコとハンコと決済印と認印と、たまーにサインの日々だそうで。 ,「相変わらず、ハンコとハンコと決済印と認印と、たまーにサインの日々だそうで」,"""Как обычно, она штампует, штампует, запечатывает, утверждает, а {i:иногда} даже подписывает.""","""O de sempre, carimbando coisas, carimbando coisas, selando coisas, aprovando coisas e, {i:à vezes}, até assinando coisas.""",[=UP],「還是老樣子，蓋章和蓋章和已決定印章和確認印章和，偶爾也會有簽字的日子。」,「还是老样子，盖章和盖章和已决定印章和确认印章和，偶尔也会有签字的日子。」,[=UP],[=UP],[=UP]
Furudo Erika,"""She humbly asks me to stir up a crime in her district, since she would get assigned to it personally.""","She humbly asks us to stir up a crime in her district, since she would get assigned to it personally."" ","She humbly asks us to stir up a crime in her district, since she would get assigned to it personally.""",自分がじきじきに出動するから、自分の管区でぜひ事件を起こしてほしいデスって書いてあります。」,「自分がじきじきに出動するから、自分の管区でぜひ事件を起こしてほしいデスって書いてあります」,"""Она смиренно просит нас переполошить преступность в её округе, так как её отправят лично.""","""Ela humildemente me pediu para provocar um crime na sua jurisdição, já que ela seria pessoalmente designada.""",[=UP],「還寫著自己會親自出動的，請務必在她的管區裡引發案件。」,「还写着自己会亲自出动的，请务必在她的管区里引发案件。」,[=UP],[=UP],[=UP]
{f:5:Bernkastel},"""Well, why don't you? Crime sounds fun.""","""Well, why don't we? Crime sounds fun."" ","""Well, why don't we? Crime sounds fun.""",「起こしてやったら？　事件。」,「起こしてやったら？　事件」,"""Почему бы и нет? Преступление — это интересно.""","""Então, por que não vai? Crimes parecem divertidos.""",[=UP],「給她弄一起吧？案件。」,「给她弄一起吧？案件。」,[=UP],[=UP],[=UP]
{f:5:Lambdadelta},"""They do say crimes occur wherever the detective goes.""","""They say crimes occur wherever the detective goes."" ","""They say crimes occur wherever the detective goes.""",「探偵が行くとこ事件ありって言うもんね。」,「探偵が行くとこ事件ありって言うもんね」,"""Говорят, что они случаются везде, куда приходит детектив.""","""Dizem que crimes acontecem quando há um detetive por perto.""",[=UP],「所謂偵探去的地方就會有案件嘛。」,「所谓侦探去的地方就会有案件嘛。」,[=UP],[=UP],[=UP]
Furudo Erika,"""Well, one of these days. If I feel like it, I might drop by to bully her. Oh, and there's also something here about the Chiester Sisters.""","""One of these days. If I feel like it, I might drop by to bully her. Oh, and there's also something here about the Chiester Sisters Corps."" ","""Well, one of these days. If I feel like it, I might drop by to bully her. Oh, and there's also something here about the Siesta Sisters.""",「まぁ、その内。気が向いたらイジメに行ってあげてもいいかもです。あぁ、あとシエスタ姉妹兵たちのことも書いてあります。」,「まぁ、その内。気が向いたらイジメに行ってあげてもいいかもです。あぁ、あとシエスタ姉妹兵たちのことも書いてあります」,"""Что ж, однажды. Если захочу, может, и загляну поиздеваться над ней. О, здесь ещё есть кое‐что о Сёстрах чиестах.""","""Bem, algum dia desses. Se eu sentir vontade, eu passo lá para provocá‐la. Ah, tem alguma coisa sobre as Irmãs Chiester também.""",[=UP],「嘛，到時候再說。有興趣的話就去欺負她好了。啊啊，還寫了謝絲塔姐妹兵們的事。」,「嘛，到时候再说。有兴趣的话就去欺负她好了。啊啊，还写了谢丝塔姐妹兵们的事。」,[=UP],[=UP],[=UP]
{f:5:Bernkastel},""".........Wait. I don't want to hear it all at once. Let's hold off a bit for dramatic effect. .........Okay, that'll do it.""","""......Wait. I don't want to hear it all at once. You've gotta pause a bit for dramatic effect. ......Okay, that'll do it."" ",[=UP],「………待って。一度に聞きたくないわ。少しはもったいぶらなきゃ。……さぁ、出来た。」,「………待って。一度に聞きたくないわ。少しはもったいぶらなきゃ。……さぁ、出来た」,""".........Подожди. Я не хочу слушать всё сразу. Отложим ненадолго для драматического эффекта. .........Всё, готово.""",""".........Espera. Não quero ouvir em seguida. Vamos segurar para criar um efeito dramático. .........Certo, faremos isso.""",[=UP],「………等等。我不想一次聽完。得稍微擺點架子。……來，完成了。」,「………等等。我不想一次听完。得稍微摆点架子。……来，完成了。」,[=UP],[=UP],[=UP]
{f:5:Lambdadelta},"""Ah, I finally grew my right arm back! Do the left one now, please!""","""Ah, I finally grew my right arm back! Do the left one now, please!"" ",[=UP],「あぁ、やっと右腕が生えたわ！　次っ、左腕をお願いね！」,[=JP],"""А‐а, наконец‐то моя правая рука вернулась! А теперь левую, пожалуйста!""","""Ah, meu braço esquerdo finalmente cresceu de novo! Falta o esquerdo agora, por favor!""",[=UP],「啊啊，終於右手復活了！下一個，左手拜託你了！」,「啊啊，终于右手复活了！下一个，左手拜托你了！」,[=UP],[=UP],[=UP]
{f:5:Bernkastel},"""Let's have some tea first. ......Erika, bring in a can of black tea and the pot of dried plums.""","""Let's have some tea first. ...Erika, bring in a can of black tea and the pot of dried plums."" ",[=UP],「その前にお茶にしましょ。……ヱリカ、紅茶の缶と、梅干の壷を用意してちょうだい。」,「その前にお茶にしましょ。……ヱリカ、紅茶の缶と、梅干の壷を用意してちょうだい」,"""Давай сначала выпьем чай. ......Эрика, принеси банку чёрного чая и горшочек с черносливом.""","""Vamos tomar um chá antes. ......Erika, traga a lata de chá e o pote de umeboshi.""",[=UP],「在那之前先喝茶吧。……繪梨花，去準備紅茶罐子和梅乾的壺。」,「在那之前先喝茶吧。……绘梨花，去准备红茶罐子和梅干的壶。」,[=UP],[=UP],[=UP]
Furudo Erika,"""Yes, my master!""","""Yes, my master!"" ",[=UP],「はいっ、我が主！」,[=JP],"""Да, госпожа!""","""Sim, minha mentora!""",[=UP],「是，我主！」,[=CHT],[=UP],[=UP],[=UP]
,"With this particular journey over and done with, the Voyager witches rested their wings.","With this particular journey over and done with, the Voyager witches rested their wings. ",[=UP],航海者の魔女たちは、一つの旅を終えて、その翼を休める。,[=JP],"Закончив данное путешествие, Странствующие ведьмы опустили крылья.","Com esta jornada especial chegando ao fim, as bruxas Viajantes descansam suas asas.",[=UP],航海者的魔女們，結束了一趟旅程，在讓她們的翅膀歇息。,航海者的魔女们，结束了一趟旅程，在让她们的翅膀歇息。,[=UP],[=UP],[=UP]
,...It was all so that they could leave on a new journey in search of the next fragment.,...It was all so that they could leave on a new journey in search of the next Fragment. ,...It was all so that they could leave on a new journey in search of the next Fragment.,また次なるカケラを探しに、新しい旅に出るために。,[=JP],"...Всё ради того, чтобы начать новое путешествие в поисках следующего фрагмента.",...É tudo para que possam partir em uma nova jornada em busca do próximo Fragmento.,[=UP],為了尋找下一個碎片，開始新的旅程。,为了寻找下一个碎片，开始新的旅程。,[=UP],[=UP],[=UP]
,"A short break between trips, backdropped by the pleasant scent of black tea......","A short break between trips, backdropped by the pleasant scent of black tea... "," A short break between trips, backdropped by the pleasant scent of black tea......",今だけは紅茶の香りを楽しみながら、ひと時の休憩……。,[=JP],Короткий перерыв между поездками с приятным ароматом чёрного чая на заднем плане......,"Um curto intervalo entre as viagens, aproveitando o aroma do chá preto......",[=UP],現在就先享受著紅茶的香味，稍事休息……。,现在就先享受着红茶的香味，稍事休息……。,[=UP],[=UP],[=UP]
{f:5:Lambdadelta},"""Where are you going this time?""","""Where are you going this time?"" ",[=UP],「今度はどこへ行く？」,[=JP],"""Куда отправишься на этот раз?""","""Para onde vai dessa vez?""",[=UP],「下次去哪裡？」,「下次去哪里？」,[=UP],[=UP],[=UP]
{f:5:Bernkastel},"""......If you go north, I'm heading south.""","""...If you go north, I'm heading south."" ",[=UP],「……あんたが北へ行くなら私は南へ。」,「……あんたが北へ行くなら私は南へ」,"""......Если ты на север, я на юг.""","""......Se vai para o norte, eu seguirei para o sul.""",[=UP],「……你往北走的話我就往南。」,「……你往北走的话我就往南。」,[=UP],[=UP],[=UP]
{f:5:Lambdadelta},"""Then if you go east, I'm heading west.""","""Then if you go east, I'm heading west."" ",[=UP],「じゃあ、ベルンが東へ行くなら、私は西へ行くわ。」,「じゃあ、ベルンが東へ行くなら、私は西へ行くわ」,"""Тогда, если ты на восток, я на запад.""","""Então se for para leste, eu vou para oeste.""",[=UP],「那，貝倫去東邊的話，我就去西邊。」,「那，贝伦去东边的话，我就去西边。」,[=UP],[=UP],[=UP]
{f:5:Bernkastel},"""......I hope we can find another charming tale like this one.""","""...I hope we can find another charming tale like this one."" ",[=UP],「……また、こんな愉快な物語を見つけられるといいわね。」,「……また、こんな愉快な物語を見つけられるといいわね」,"""......Надеюсь, мы найдём ещё одну очаровательную историю, похожую на эту.""","""......Espero que possamos encontrar outro conto tão charmoso quanto esse.""",[=UP],「……要是，還能找到這樣愉快的故事就好了。」,「……要是，还能找到这样愉快的故事就好了。」,[=UP],[=UP],[=UP]
{f:5:Lambdadelta},"""Next time, I hope you aren't playing the villain, Bern.""","""Next time, I hope you aren't playing the villain again, Bern."" ","""Next time, I hope you aren't playing the villain again, Bern.""",「今度は、ベルンが憎まれ役じゃないといいわねー。」,「今度は、ベルンが憎まれ役じゃないといいわねー」,"""В следующий раз, я надеюсь, ты не станешь снова играть злодейку, Берн.""","""Na próxima, espero que não faça o papel de vilã, Bern.""",[=UP],「下次，貝倫要不是被憎恨的那邊就好了呢——」,「下次，贝伦要不是被憎恨的那边就好了呢——」,[=UP],[=UP],[=UP]
{f:5:Bernkastel},"""You think so? Being the bad guy was pretty fun.""","""You do? Being the bad guy was pretty fun."" ",[=UP],「あら。悪役も楽しかったわよ。」,「あら。悪役も楽しかったわよ」,"""Считаешь? Быть злодейкой было забавно.""","""É mesmo? Ser do mal é bem divertido.""",[=UP],「啊啦。演壞人也很有趣哦。」,「啊啦。演坏人也很有趣哦。」,[=UP],[=UP],[=UP]
{f:5:Lambdadelta},"""......I wonder...what kind of tale we'll find next.""","""...I wonder...what kind of tale we'll find next."" ",[=UP],「……次は、どんな物語を見つけられるかしらね。」,「……次は、どんな物語を見つけられるかしらね」,"""......Интересно, какую историю мы найдём следующей.""","""......Eu me pergunto...que tipo de conto encontraremos a seguir.""",[=UP],「……下次，會找到什麼樣的故事呢。」,「……下次，会找到什么样的故事呢。」,[=UP],[=UP],[=UP]
{f:5:Bernkastel},"""And what kind of tale we'll next meet in.""","""And what kind of tale we'll next meet in."" ",[=UP],「そして、どんな物語で再会できるのかしら。」,「そして、どんな物語で再会できるのかしら」,"""И в какой истории мы встретимся в следующий раз.""","""E que tipo de conto encontraremos depois.""",[=UP],「然後，會在怎樣的故事中再會呢。」,「然后，会在怎样的故事中再会呢。」,[=UP],[=UP],[=UP]
{f:5:Lambdadelta},"""The sea of fragments is tiny to a pair who love each other.""","""To a pair of lovers, the sea of Fragments is tiny."" ","""To a pair of lovers, the sea of Fragments is tiny.""",「愛し合う二人に、カケラの海は狭いわ。」,「愛し合う二人に、カケラの海は狭いわ」,"""Влюблённым и море фрагментов по колено.""","""O mar de Fragmentos é pequeno para um par que se ama.""",[=UP],「對相愛的兩人來說，碎片之海是很狹窄的。」,「对相爱的两人来说，碎片之海是很狭窄的。」,[=UP],[=UP],[=UP]
{f:5:Bernkastel},"""Children of Paradise.""","""Children of Paradise."" ",[=UP],「天井桟敷。」,「天井桟敷」,"""Дети райка.""","""{ruby:O Boulevard do Crime:Les Enfants du Paradis}.""",[=UP],「《天堂之子》。」,[=CHT],[=UP],[=UP],[=UP]
{f:5:Lambdadelta},"""The sea of fragments is pretty huge.""","""The sea of Fragments is pretty huge."" ","""The sea of Fragments is pretty huge.""",「カケラの海は広大だわ。」,「カケラの海は広大だわ」,"""Морю фрагментов нет конца.""","""O mar de Fragmentos é bem grande.""",[=UP],「碎片之海可廣大了。」,「碎片之海可广大了。」,[=UP],[=UP],[=UP]
{f:5:Bernkastel},"""Ghost in the Shell.""","""Ghost in the Shell."" ",[=UP],「殻の中の幽霊。」,「殻の中の幽霊」,"""Призрак в доспехах.""","""O Fantasma Da Máquina.""",[=UP],「《殻中幽靈》。」,「《壳中幽灵》。」,[=UP],[=UP],[=UP]
{f:5:Lambdadelta},"""We'll meet again. When something else cries.""","""We'll meet again. When something else cries."" ",[=UP],「いつか会えるわよ。また何かのなく頃に。」,「いつか会えるわよ。また何かのなく頃に」,"""Мы снова встретимся. Когда заплачет что‐нибудь ещё.""","""Nos veremos em breve. Quando algo mais chorar.""",[=UP],「總能再會的。還在什麼的鳴泣之時裡。」,「总能再会的。还在什么的鸣泣之时里。」,[=UP],[=UP],[=UP]
{f:5:Bernkastel},""".........Sounds good. Let's do that.""","""......Sounds good. Let's do that."" ",[=UP],「………いいじゃない。それにしましょ。」,「………いいじゃない。それにしましょ」,""".........Хорошо звучит. Давай скажем.""",""".........Parece bom. Faremos assim.""",[=UP],「………挺好嘛。就這樣吧。」,「………挺好嘛。就这样吧。」,[=UP],[=UP],[=UP]
,"{a:c:""""We will meet again. When something else cries.""""}","{a:c: """"We will meet again. When something else cries."""" } ","{a:c: """"We will meet again. When something else cries.""""} ",{a:c:「「いつか会えるわ。また何かのなく頃に。」」},{a:c:「「いつか会えるわ。また何かのなく頃に」」},"{a:c:""""Мы снова встретимся. Когда заплачет что‐нибудь ещё.""""}","{a:c:""""Vamos nos reencontrar... quando algo mais chorar.""""}",[=UP],{a:c:「「總能再會的。還在什麼的鳴泣之時裡。」」},{a:c:「「总能再会的。还在什么的鸣泣之时里。」」},[=UP],[=UP],[=UP]
,{a:c: Ahhahahahahahahahahaha......},{a:c: Ahhahahahahahahahahaha...... } ,{a:c: Ahhahahahahahahahahaha......} ,{a:c:あっははははははははははは……。},[=JP],{a:c: Аха‐ха‐ха‐ха‐ха‐ха‐ха......},[=UP],[=UP],{a:c:啊哈哈哈哈哈哈哈哈哈哈哈哈……。},[=CHT],[=UP],[=UP],[=UP]
,{a:c: The happy voices of the witches faded into the distance.},{a:c: The happy voices of the witches faded into the distance. } ,{a:c: The happy voices of the witches faded into the distance.} ,{a:c:魔女たちの楽しそうな声が遠退いていく。。},[=JP],{a:c: Счастливые голоса ведьм исчезли вдали.},{a:c: As alegres vozes das bruxas desapareceram à distância.},[=UP],{a:c:魔女們快樂的聲音逐漸遠去。},{a:c:魔女们快乐的声音逐渐远去。},[=UP],[=UP],[=UP]
,"{a:c: So long, everyone.{n} See you again, when something else cries.}","{a:c: So long, everyone. {n}See you again, when something else cries. } ","{a:c: So long, everyone.{n} See you again, when something else cries.} ",{a:c:さよなら、みんな。{n}また何かの、なく頃に。},[=JP],"{a:c: До встречи.{n} Увидимся снова, когда заплачет что‐нибудь ещё.}","{a:c: Vamos nos reencontrar, pessoal.{n} Quando algo mais chorar.}",[=UP],{a:c:再見了，各位。{n}還在什麼的，鳴泣之時裡。},{a:c:再见了，各位。{n}还在什么的，鸣泣之时里。},[=UP],[=UP],[=UP]
