Speaker,Vietnamese (VI)
,Con thuyền rung lên dữ dội.
,Có vẻ như chúng tôi đã cập bến rồi.{n}Người lái thuyền bước ra và nhảy lên bến với sợi dây buộc thuyền.
,Một người đàn ông to lớn mặc tuxedo đang đợi chúng tôi với một khuôn mặt ấm áp và nở nụ cười thân thiện.
,"......Tôi không quen ông ta, nhưng dựa vào quần áo, tôi đoán ông ấy là gia nhân của nhà chính Ushiromiya."
Gohda Toshiro,"""Chào mừng tiểu thư trở về nhà. Cô về trễ quá, làm tôi lo lắng rồi đó."""
Ushiromiya Jessica,"""Ưm, cảm ơn vì đã lo cho tôi nhé! Chiếc thuyền làm Battler sợ vãi cả linh hồn ra. Cho nên tụi tôi phải đi chậm lại vì em ấy đó. Thật là phiền phức chết đi được!"""
Ushiromiya Battler,"""I‐im đi... Em sẽ nhớ chuyện này nếu lần sau chị gặp chuyện gì đó tương tự đấy... ugghh."""
,"Với cái đà này, cả gia đình sẽ đồn ầm lên mất. Tôi sẽ trở thành chủ đề nóng hổi để mọi người bàn khi ăn tối cho mà xem."
,"Chỉ riêng việc vắng mặt sáu năm đã đủ khiến họ xì xào rồi... mà nay tôi còn tự vẽ ra thêm cái chuyện ""hấp dẫn"" như vậy nữa...!"
,"Chết tiệt, tại sao nhánh chính của gia tộc Ushiromiya lại phải sống trên cái hòn đảo hẻo lánh này chứ!"
,"Trong lúc đó, con thuyền đã được buộc dây xong.{n}Một tấm ván nhỏ được hạ xuống để chúng tôi bước xuống."
,"Cha mẹ chúng tôi bước ra khỏi thuyền, từng người một."
Gohda Toshiro,"""Các vị hẳn đã rất mệt sau chuyến đi dài. Thưa phu nhân, xin hãy để tôi giúp bà."""
Ushiromiya Eva,"""Cảm ơn nhé. Lâu rồi không gặp, anh Gohda. Dạo này anh thế nào rồi?"""
Gohda Toshiro,"""Cảm ơn vì đã hỏi thăm. Tôi luôn rất vinh hạnh được phục vụ các vị."""
Ushiromiya Kyrie,"""Battler à, đây là lần đầu cháu gặp chú Gohda có phải không? Nếu cô nhớ không nhầm thì sáu năm trước chú ấy chưa làm ở đây, đúng chứ?"""
Gohda Toshiro,"""Quả thật vậy. Vậy nên, xin phép cho tôi được giới thiệu với cậu. Rất hân hạnh được gặp cậu, thưa cậu Battler."""
Ushiromiya Battler,"""......Tôi khá tự tin về chiều cao của mình, nhưng anh thật sự to lớn đấy. ...Chắc chắn đây là lần đầu ta gặp mặt. Nếu từng gặp người cao lớn thế này, thì tôi chắc chắn không thể quên được đâu...!"""
Ushiromiya Battler,"""Rất hân hạnh. Tôi là Battler."""
Gohda Toshiro,"""Mọi người đã rất mong ngài trở về, thưa ngài. Tôi đã phục vụ cho nhà chính của gia tộc Ushiromiya từ năm kia. Tôi tên là Gohda ({p:0:郷田}), gia nhân của cậu."""
Gohda Toshiro,"""Rất hân hạnh được làm quen. Nếu có bất kỳ điều gì cậu cần, xin hãy cứ nhờ tôi nhé."""
Ushiromiya George,"""Chú Gohda à, lâu rồi không gặp."""
Gohda Toshiro,"""Quả thật đã quá lâu, thưa cậu George. Xin để tôi được giúp cậu."""
Ushiromiya Hideyoshi,"""Anh đúng là chuyên gia đón tiếp như mọi khi... Nếu anh cần công việc gì thì cứ gọi cho tôi nhé? Tôi sẽ thuê anh ngay lập tức!"""
Gohda Toshiro,"""Ngài khen quá lời rồi ạ. Xin để tôi được giúp đỡ, thưa ngài Hideyoshi."""
,"Chú Gohda sau đó giúp từng người xuống thuyền, chào hỏi họ khi họ đi qua."
,Cách nói năng và thái độ của chú ấy có sự trau chuốt và tinh tế theo một cách rất chuyên nghiệp.
,"Chú Gohda rất thanh lịch, trái ngược hoàn toàn với vẻ ngoài có phần thô kệch ban đầu."
,"Vóc dáng to lớn khiến chú có vẻ hơi đáng sợ lúc đầu, nhưng chú ấy lại lịch sự hơn nhiều so với ấn tượng đầu tiên của tôi."
,"Chú Gohda nói đã phục vụ trên đảo được hai năm, nhưng chắc chắn đã từng làm công việc tương tự ở đâu đó trước đó."
,"Sau khi mọi người đã lên bờ, dây neo được tháo ra, và con thuyền bắt đầu rời khỏi bến."
,Có lẽ nó đang trở về cảng chính ở Niijima.
,Thuyền trưởng vẫy tay chào tạm biệt.{n}Maria nhiệt tình vẫy tay đáp lại.
Ushiromiya Battler,"""............Hmm, em vừa nhận ra vì sao em thấy có gì đó lạ lạ. Em không nghe thấy tiếng hải âu."""
Ushiromiya Jessica,"""Hải âu á? Mấy con chim ấy à?"""
,"Tôi nhớ rằng mỗi khi đến hòn đảo này, bầy hải âu luôn chào đón chúng tôi bằng những tiếng kêu ""nyaa nyaa"" rộn ràng."
,"Vì vậy, mỗi khi nghe tiếng hải âu ở nơi khác, tôi lại có cảm giác như mình đang ở buổi họp mặt gia đình mình."
,"Ngoại trừ phần nhỏ của đảo nơi nhà chính của gia tộc Ushiromiya sinh sống, Rokkenjima gần như bị bỏ hoang, trở thành thiên đường cho những loài chim hoang dã."
,"Hình như có vách đá nào đó đã trở thành nhà của cả một đại gia đình hải âu, vì vậy hòn đảo này lúc nào cũng đầy ắp tiếng chim."
,"Vì lũ hải âu không ra chào đón, nên tôi cảm thấy có đôi chút cô đơn."
Ushiromiya Rosa,"""Có chuyện gì vậy, Battler?"""
Ushiromiya Battler,"""Ồ, cô Rosa à. ...Không có gì đâu ạ, chỉ là cháu đang bảo là vì không nghe thấy tiếng hải âu nên cháu cảm thấy hơi trống vắng một chút."""
Ushiromiya Rosa,"""Ồ, cháu nói đúng. Bình thường chúng ồn ào lắm, mà hôm nay chẳng thấy bóng dáng con nào cả."""
Ushiromiya Maria,"""......Uu? Sao không có hải âu?"""
Ushiromiya Rosa,"""Hmm, có lẽ là lũ hải âu cũng đang họp mặt đâu đó? Maria, con có muốn thấy hải âu không?"""
Ushiromiya Maria,"""Uu, muốn thấy."""
Ushiromiya Battler,"""Có chuyện gì mà tụi nó biến mất hết vậy? Chắc chị Jessica đã đem hếtttt tụi nó để làm thịt xiên nướng rồi ăn sạch rồi!"""
Ushiromiya Maria,"""......Uu?!"""
Ushiromiya Jessica,"""Cái quái gì thế hả, đừng nói mấy chuyện ghê rợn như vậy chứ! Em làm Maria rối tung lên rồi kìa!!"""
Ushiromiya Maria,"""Uu‐uu‐uu! Chị Jessica xiên tụi nó, xiên tụi nó làm thịt xiên! Uu!!"""
Ushiromiya Jessica,"""Không có nha, chị không có làm vậy! Tại sao chị lại làm chuyện đó chứ?!"""
Ushiromiya Battler,"""Đúng rồi, đúng roài~, chị Jessica xiên tụi nó hết rồi! Xiên da, xiên thịt, xiên gan với hành tây~!"""
Ushiromiya Maria,"""Xiên dan viên thịt! Gan với hành tây!! Uu‐uu‐uu! Ahaha, ahaha! *cười khúc khích*!"""
,"Khi tôi trêu Jessica, Maria cũng nhập cuộc với vẻ mặt thích thú như thể đang rất vui."
,"Ồ, con bé đúng là biết cách hòa chung không khí đấy!{n}Được rồi, từ hôm nay anh sẽ coi em là fan số một của anh nhé!"
,"Khi tôi mỉm cười với Maria, em ấy cũng đáp lại bằng một nụ cười rạng rỡ, có lẽ cũng rất vui vì cảm giác thân thiết nhỏ bé này."
Ushiromiya George,"""Không phải vậy đâu, Maria à. Anh nghe nói rằng những loài chim hoang dã rất nhạy cảm với những thay đổi của thời tiết và áp suất không khí. Và có vẻ như thời tiết sẽ xấu đi vào tối nay. Có thể chúng đã vội vàng trở về tổ rồi."""
Ushiromiya Maria,"""............Uu. Không phải thịt xiên? Chị Jessica không làm thịt xiên chim?"""
Ushiromiya Jessica,"""Không có, không có!! Chị đã nói rồi, chị không làm mấy chuyện đó mà! Này, Battler, em mau nhận ngay rằng em đã nói dối đi!"""
Ushiromiya George,"""Battler à. bé Maria còn ngây thơ lắm, nên là em ấy tin tưởng vào cả mấy câu đùa đấy. Em nên lựa chọn những câu đùa cẩn thận hơn."""
,...Anh George nhẹ nhàng trách tôi.
,"...Dù tôi có cao hơn anh ấy đi chăng nữa, thì anh ấy vẫn khiến tôi phải tôn trọng như một người anh của mình. Không còn lựa chọn nào khác ngoài ngoan ngoãn xin lỗi vậy."
Ushiromiya Battler,"""N-này, anh xin nhận lỗi nhé... Maria à, ban nãy anh chỉ đùa thôi. Hôm nay bầy hải âu chỉ đang yên lặng bên trong tổ của chúng thôi."""
Ushiromiya Maria,"""......Battler nói dối? Anh George nói thật?"""
,"{i:""Em đã rất vui mà, hóa ra anh đã lừa em sao...""?}{n}Đôi mắt ngây thơ của em ấy như thể đang chất vấn tôi.{n}......Có lẽ tôi đã hơi quá đà khi đùa giỡn với em ấy rồi."
Ushiromiya Battler,"""Ừ ừ, đúng đó, đúng đó. Những gì anh George nói đều là sự thật. Thời tiết xấu nên có thể chúng đã về nhà rồi. Điều đó không có nghĩa là chúng đã biến mất, phải không nè? Đúng không, cô nhỉ?!"""
Ushiromiya Rosa,"""Đúng vậy. Ngày mai, khi thời tiết tốt hơn, mẹ chắc chắn bầy chim sẽ quay lại và cho con nghe tiếng kêu ""myaa myaa"" thôi."""
Ushiromiya Maria,"""Uu. Con sẽ đợi thời tiết tốt hơn để bầy chim quay lại. Chờ đến ngày mai. Chờ thời tiết tốt hơn. Uu‐uu!"""
,"Tâm trạng của Maria đã phấn chấn trở lại, và con bé bắt đầu háo hức chờ đến ngày mai, khi mà bầy hải âu quay lại và dang rộng đôi cánh, lấp đầy bầu trời."
,"Dù vậy, anh George đúng là giỏi chăm sóc trẻ con thật."
,"...Tôi nhớ là anh cũng từng chăm sóc tôi rất tốt, khi tôi còn là một thằng nhóc hồi sáu năm trước."
,......Anh ấy chắc hẳn có năng khiếu với mấy chuyện thế này.
Ushiromiya Rosa,"""George à, cháu thật sự rất giỏi trong việc chăm sóc trẻ con đấy. Cô nghĩ cháu có thể làm trong ngành giáo dục mầm non luôn cơ!"""
Ushiromiya Jessica,"""Đúng đó, cứ như là anh sinh ra để làm việc đó vậy. Với em thì công việc đó hợp với anh hơn là làm giám đốc ở công ty nào đó đấy."""
Ushiromiya George,"""Ồ không. Chăm trẻ con là một {i:công việc} rất đáng kính trọng. Không thể chỉ cần mình thích trẻ con là có thể làm được đâu."""
Ushiromiya Rosa,"""Cháu thật sự khiêm tốn quá, George ạ. Nhưng mà Battler này, cháu cũng giỏi chơi với trẻ con phết nhé! Khi nãy thôi, dù chỉ được một lúc, nhưng mà Maria trông rất vui đó. Hãy tiếp tục chơi với con bé như lúc nãy nhé. Chỉ là, hãy đùa sao cho phù hợp hơn, được chứ? *cười khúc khích*."""
,"Cô Rosa nháy mắt với tôi, khúc khích cười."
,"Tôi thầm nghĩ, cô đúng là một người mẹ thật sự, chỉ cần thấy con mình vui là đã thấy hạnh phúc rồi."
Ushiromiya Rudolf,"""{i:Thôi đi}, Rosa. Còn mấy đứa này nữa, tụi bây còn đứng đó làm gì, nhanh cái chân lên nào!"""
Ushiromiya Rosa,"""Rồi rồi, tụi em tới liền."""
,Lão già nhà tôi đang ra hiệu bảo chúng tôi nhanh lên.{n}Tốt hơn là nên đi tiếp thôi.
,Mang hết hành lý về phòng rồi nói những chuyện như vừa rồi thì vẫn chưa muộn mà.
Gohda Toshiro,"""Vậy thì, xin mời các vị. Tôi sẽ dẫn các vị đến nhà khách, nơi các vị sẽ lưu trú. Xin mời đi lối này."""
,Chú Gohda gọi mọi người và bắt đầu dẫn đường.{n}Bà Kumasawa thì đi ở phía sau cùng.
,"Một con đường quanh co, uốn lượn dẫn xuyên qua khu rừng mờ tối.{n}Nó hơi dốc lên một chút."
,"Tôi đoán họ làm đường vòng để người đi không cảm thấy dốc quá, nhưng cá nhân tôi thì thích kiểu đường thẳng tắp và có bậc cầu thang hơn."
,"......Chắc chắn họ cố tình làm cho đường đi quanh co, để cho có vẻ xa xôi và trang trọng..."
,"Chẳng mấy chốc, chúng tôi thấy những bậc thang đá mang phong cách của một khu vườn."
,"...Ahhh, đúng rồi, tôi nhớ đoạn này rồi.{n}Đi lên mấy bậc này, và..."
,"Trên đỉnh bậc thang đá, một nhà khách tuyệt đẹp hiện ra."
,"Mặt tiền thì dĩ nhiên là rất trang nhã, nhưng hơn cả điều đó thì ......chúng tôi không thể không bị mê hoặc bởi vẻ tráng lệ của vườn hồng trải rộng phía trước."
Ushiromiya Hideyoshi,"""Haah~! Năm nay vẫn đẹp như mọi khi nhỉ... Nhìn đã mắt thật đó..."""
,"Khi đã bước lên đoạn trên cùng của bậc thang đá, những người được chào đón bởi vườn hồng đều hết lòng khen ngợi vẻ đẹp diệu kỳ của khung cảnh này."
Ushiromiya Eva,"""Không phải hoa năm nay kém rực rỡ hơn sao? Có khi do mùa hè vừa rồi không đủ nóng nhỉ."""
Gohda Toshiro,"""Tôi cũng tin là vậy ạ. So với hoa nở năm ngoái, thì hoa năm nay lại có phần kém hơn. Thật đáng tiếc."""
,"Dù vậy thì, đây vẫn là một vườn hồng tuyệt đẹp.{n}Tôi nhớ, đã từ rất lâu rồi, lúc nào tôi cũng được chào đón bởi một rừng hoa hồng như thế này; hơn cả sáu năm về trước luôn."
,"...Khu vườn này luôn là thứ đầu tiên chào đón những người đến Rokkenjima. Ngay cả cha mẹ chúng tôi, những người đến đây hằng năm, cũng không thể kìm được mà buông lời thán phục."
,"Và hơn nữa, lần này nó trông như một phiên bản ""nâng cấp"" của khu vườn trong ký ức tôi từ sáu năm trước."
Ushiromiya Kyrie,"""Chỗ này lúc nào cũng tuyệt vời nhỉ. Nếu có một vườn hoa hồng như này ở nhà thì hay biết mấy."""
Ushiromiya Rudolf,"""Thôi đi, em nghĩ ai sẽ chăm sóc nó chứ? Hoa hồng rắc rối lắm đấy, nào là sâu bệnh đủ thứ."""
Ushiromiya Rosa,"""Đúng vậy nhỉ. Em còn nghe nói là chị Kyrie ngày nào cũng chăm sóc ""bông hồng"" của mình đấy, để đảm bảo rằng không có con côn trùng nào cắn trộm mà chị lại không biết cả."""
Ushiromiya Rudolf,"""Hả? Anh chưa từng nghe chuyện đó luôn, em đang nói gì thế?"""
Ushiromiya Kyrie,"""Vâng, đúng là như vậy. Tuy nhiên, bông hồng nhà chị lại là kiểu thích ve vãn bọn côn trùng cơ, như thể nó là một thứ cây ăn thịt gớm ghiếc ấy."""
Ushiromiya Rudolf,"""...Ồ, hóa ra ý em là vậy sao. Thôi mà Rosa, hôm nay em không tha cho anh được hử? Bây giờ anh đã khác xưa rồi mà."""
Ushiromiya Rosa,"""Em chẳng biết đâu á. Sau cùng thì anh vẫn là cái loại trăng hoa từ trong máu rồi mà...!"""
Ushiromiya Kyrie,"""Không phải lo nhé cô Rosa. Nếu có bông hồng nào làm phiền chị quá, thì chị chỉ cần chặt nó đi ngay phần gốc là được."""
Kumasawa Chiyo,"""Hoh‐hoh‐hoh‐ho... cuộc trò chuyện này đáng sợ ghê."""
Ushiromiya Hideyoshi,"""Đàn ông được phụ nữ mê, sinh thời sẽ gặp trăm bề nguy nan."" Anh chỉ mong kiếp sau mình đẹp trai hơn thôi!"""
Ushiromiya Rudolf,"""Anh Hideyoshi à, em đã nói không biết bao nhiêu lần rồi, mọi chuyện không như anh nghĩ đâu. ...Còn em nữa, Kyrie... đủ rồi đấy, em làm anh nổi da gà luôn đó. Em làm cho bông hồng của anh héo queo luôn rồi."""
Ushiromiya George,"""Này, Maria ơi, em nhìn chỗ này đi. Mấy bông hoa hồng này đẹp lắm nè."""
Ushiromiya Maria,"""...Hoa hồng đẹp. ...Uu!"""
Ushiromiya Battler,"""Hmmm~~, hương hoa thơm ngát luôn á. Nhìn nè, đúng là hợp với vẻ thanh tao của anh lắm đó~."""
Ushiromiya Jessica,"""Này, đừng làm vậy! Maria mà bắt chước em thì sẽ bị gai đâm đó!"""
,"Chị ấy quát khi thấy tôi cúi xuống, làm bộ ngửi hoa một cách quá lố."
,"...Tôi tưởng chị ấy phản ứng thái quá cơ, nhưng khi quay lại, tôi thấy Maria đang bắt chước từng cử chỉ của mình, làm anh George nở một nụ cười thật tươi."
Ushiromiya George,"""Này này, Maria ơi, cẩn thận nhé. Gai hoa hồng nhọn lắm đấy."""
Ushiromiya Maria,"""......Uu? ............anh George ơi. Bông hồng này lạ quá. Uu."""
Ushiromiya Jessica,"""Lạ à? Có chuyện gì thế?"""
,Maria chỉ vào một bông hồng duy nhất.{n}Tôi lập tức hiểu ngay vì sao con bé thấy nó lạ.
,"Giữa một rừng hoa hồng rực rỡ, chỉ có duy nhất một bông đang héo tàn."
,"Cũng không có lý do đặc biệt gì cả.{n}Có hoa nở, thì cũng có hoa tàn."
,"Chỉ đơn giản là vậy thôi, nhưng Maria có vẻ rất bận tâm vì có duy nhất một bông hồng ""ốm yếu"" giữa muôn vàn bông đang khoe sắc đua hương."
,...Có lẽ con bé cảm thấy như bông hoa ấy đang bị bỏ rơi.
Ushiromiya George,"""Vậy là em buồn vì bông hoa này là bông duy nhất không khỏe...?"""
Ushiromiya Maria,"""......Uu. Mấy bông khác đều khỏe mạnh, nhưng bông này thì buồn thiu."""
Ushiromiya Jessica,"""Thật ra thì mỗi bông có thời điểm nở và tàn khác nhau. Chị đoán bông này chỉ là đã nở sớm hơn các bông khác thôi, cho nên nó mới tàn trước."""
Ushiromiya Battler,"""Ừ, đúng đó. Có lẽ nó đã từng nở rộ rực rỡ, rồi hoàn thành vai trò của mình, và giờ thì đến lúc nó nghỉ ngơi rồi. Em không cần buồn vì điều đó đâu nhé."""
Ushiromiya Maria,""".........Uu."""
,Có vẻ như bản tính trong sáng và nhạy cảm của Maria khiến con bé cảm thấy buồn bã vì bông hồng đơn độc đang tàn úa kia.
,"Dù lý trí có hiểu, nhưng em ấy vẫn cảm thấy cô đơn thay cho nó."
Ushiromiya George,"""Vậy thì, bé Maria này, sao em không chăm sóc cho bông hồng này đến lúc chúng ta rời đi nhỉ?"""
Ushiromiya Maria,"""Uu?"""
,Anh George đứng thẳng lên và lục lọi trong túi áo.{n}Anh lấy ra vỏ kẹo mà anh đã ăn trên máy bay.
,"Sau đó, anh xoắn nó thành một sợi dây nhỏ, rồi nhẹ nhàng buộc vào bông hồng như để ghi dấu."
Ushiromiya Jessica,"""Oaaa, đáng yêu quá!"""
Ushiromiya George,"""Chúng ta đánh dấu nó bằng cái này nhé. Lát nữa em có thể quay lại tưới nước cho nó đấy. Chắc chắn ""anh Hồng"" sẽ vui lắm đấy."""
Ushiromiya Maria,"""......Uu! Quay lại tưới nước cho nó!"""
Ushiromiya George,"""Anh nghĩ em nên đặt tên cho ""anh Hồng"" này nữa. Như vậy chắc nó sẽ vui hơn, và em cũng sẽ thân thiết hơn với nó đấy."""
Ushiromiya Maria,"""Tên...? Tên... ......Uu...uu..."""
,"Dù vẫn giữ vẻ mặt buồn rầu quen thuộc, Maria khoanh tay lại và bắt đầu suy nghĩ một cách nghiêm túc."
,"Ít nhất thì con bé đã hoàn toàn thoát khỏi tâm trạng ủ dột ban nãy. Tốt lắm, anh George ạ."
Ushiromiya Jessica,"""Anh George quả thật là lúc nào cũng rất tinh tế nha. Không thể không nể phục anh ấy được."""
Ushiromiya Battler,"""Ừ. Chắc đó là tài năng thiên phú của anh ấy rồi. Chị em mình còn phải học hỏi thêm nhiều!"""
Ushiromiya Hideyoshi,"""Lúc em còn nhỏ, khu vườn này đã đẹp như vậy chưa?"""
Ushiromiya Eva,"""Có mà đến khi em rời khỏi nhà thì nó mới thành ra lộng lẫy thế này ấy. Em lại thích cái vườn cũ đơn sơ ngày xưa hơn. Anh cả cứ thích vọc vạch sửa sang hơi quá đà với cái gu thẩm mỹ đáng ngờ của mình rồi. Hồi trước nó đẹp hơn nhiều."""
Ushiromiya Hideyoshi,"""Eva, em phải suy nghĩ tích cực lên chứ! Dù trông như thế nào, thì vẻ đẹp hiện tại vẫn rất đáng để ngắm nhìn mà. Nghĩ như vậy sẽ giúp em thư thái hơn nhiều đó."""
Ushiromiya Eva,"""Em không có ý đó... Em chỉ muốn nói là, em cũng muốn mọi người được thấy cái khu vườn cổ kính, tuyệt vời ngày xưa thôi."""
Gohda Toshiro,"""Vậy thì, xin mời mọi người. Tôi sẽ hướng dẫn các vị đến phòng nghỉ ngay bây giờ."""
,"Chú Gohda gọi mọi người để hỏi xem chúng tôi đã sẵn sàng chưa, nhưng trái tim chúng tôi đã hoàn toàn bị mê hoặc bởi khu vườn hồng sau một năm xa cách, và chẳng ai để ý đến lời gọi ấy."
,"Vì đây không phải là một tour du lịch, nên chúng tôi đâu cần tuân theo lịch trình nghiêm ngặt nào."
,"Vả lại, với cha mẹ chúng tôi, đây chính là ngôi nhà trong ký ức tuổi thơ mà họ được trở về, cho nên không một ai thấy cần phải vội vã theo lời ai cả."
,"Hiểu được điều đó, chú Gohda tiếp tục đứng chờ với một nụ cười rộng mở, cho đến khi cha mẹ chúng tôi chán ngắm hoa và bảo chú dẫn về phòng nghỉ..."
Ushiromiya Hideyoshi,"""Ôi chà...! Ô kìaaaaa! Có phải là Kanon đó không?! Lâu quá rồi, cháu khỏe không?!"""
,Chú Hideyoshi đột nhiên hét lên.
,"Hướng mà chú đang vẫy tay về, .........là một cậu bé gầy gò."
,Gặp ngay sau một người khổng lồ như Gohda có lẽ càng làm dáng người nhỏ nhắn của cậu ta nổi bật hơn.
,Cậu ấy đang đẩy một chiếc xe rùa chất đầy dụng cụ làm vườn các loại.
,"Khi nhận ra có người gọi mình, cậu đặt xe rùa xuống, tháo mũ và cúi đầu chào."
Kanon,""".................. .........Chào buổi chiều ạ."""
,"...Tôi đoán cậu ấy có lẽ trẻ hơn tôi.{n}Tôi nhận ra qua bầu không khí xung quanh cậu ấy, rằng cậu cũng là một gia nhân."
,"Mặc dù cậu ấy có chào lại chú Hideyoshi, nhưng bản thân cậu ấy có vẻ hơi khó gần."
,Đó là một lời chào thiếu cảm xúc.
,"Khi chú Gohda nhận thấy sự quan tâm của chúng tôi đã chuyển sang cậu bé, chú đã đến bên cậu và giới thiệu cậu với chúng tôi."
Gohda Toshiro,"""Thưa cậu Battler, tôi xin được giới thiệu. Cậu ta là một trong những gia nhân phục vụ tại nhà chính của gia tộc Ushiromiya. ...Kanon này, hãy chào các vị khác của chúng ta nào."""
Kanon,"""..................Rất vui được gặp các vị. Tôi là gia nhân............Kanon ({p:0:嘉音})."""
,"Ừm, ấn tượng đầu tiên của quả là không sai. Cậu ta có vẻ không mấy thân thiện, hoặc có lẽ là kiểu người nói năng vụng về."
,"Trái ngược với chú Gohda, người có phong thái vô cùng chuẩn mực của một gia nhân, thật khó để không cảm nhận được sự non nớt thường thấy ở một người ở độ tuổi như cậu."
,"Khi chú Gohda thì thầm nhắc nhở cậu nên giới thiệu kỹ hơn, cậu bé tên Kanon chỉ đưa mắt nhìn xuống."
Gohda Toshiro,"""Kanon à. Cậu hãy chào hỏi mọi người cho phải phép hơn được không...?"""
Kanon,"""............Không được ạ. ............Bởi vì chúng ta......chỉ là thứ đồ vật mà thôi."""
,"Có vẻ như không phải cậu ấy từ chối chào hỏi vì thiếu lễ độ, mà là vì cậu không biết phải nói gì thêm nên đành im lặng."
Ushiromiya Jessica,"""À, ừm, Kanon là người ít nói lắm. Cậu ấy có thể không thân thiện lắm, nhưng thật ra cậu ấy là người tốt đó! Mọi người đừng hiểu lầm nha...!"""
Ushiromiya Jessica,"""Cậu làm vậy ở đây được ba năm rồi nhỉ? Vậy là lâu hơn chú Gohda một năm đúng không nè, Kanon?"""
,"Dù ấn tượng về cậu ấy không quá đỗi tệ, Jessica vẫn vội vàng đỡ lời."
,"...Ra vậy, có vẻ chuyện Kanon ít nói luôn khiến cậu ta bị hiểu lầm."
Ushiromiya Battler,"""Tốt quá, rất vui được gặp cậu. Tôi là Battler! Tôi 18 tuổi, còn cậu bao nhiêu?"""
Kanon,"""..........................."""
,"Một khoảng lặng, như thể đang cân nhắc xem có bắt buộc phải trả lời hay không.{n}...Nhưng một lần nữa, Jessica lại chen vào."
Ushiromiya Jessica,"""À, ừm...! Nếu chị nhớ không lầm thì cậu ấy nhỏ hơn tụi mình hai tuổi... tức là 16, đúng không?"""
Kanon,"""............Vâng, ...đúng vậy."""
,"Có vẻ như nếu có thể chọn, cậu ấy sẽ không muốn nói ra tuổi của mình."
,Chắc cậu ấy sợ bị đánh giá thấp vì điều đó.
,"...Tôi nhớ là hồi tuổi đó, tôi cũng ghét bị người lớn hỏi tuổi lắm."
,"...Ra là 16 tuổi hả?{n}Đúng là tuổi nhạy cảm.{n}...Trong trường hợp đó, thì chắc tôi đã hỏi điều không nên hỏi rồi."
Ushiromiya Battler,"""Heh heh~, vậy là chúng ta gần tuổi nhau nhỉ! Gọi tôi là Battler được rồi! Tôi cũng sẽ gọi cậu là Kanon nhé!"""
Kanon,""".........Cảm ơn cậu rất nhiều. Nhưng như vậy là được rồi ạ, ...thưa cậu Battler."""
,Jessica trông có vẻ hơi bối rối.{n}Chị ấy có vẻ đang nghĩ rằng ấn tượng của tôi về Kanon đã xấu đi vì sự từ chối đó.
,Nhưng tôi đoán một cô gái như chị ấy chắc chẳng hiểu được nỗi lòng rối bời của một cậu con trai ở tuổi đó đâu.
,"Là người lớn hơn – dù chỉ hai tuổi – và là người sẽ dẫn dắt cậu ta qua tuổi mới lớn, tôi tự nhủ rằng mình nên thông cảm vậy."
Gohda Toshiro,"""Kanon à, cậu có thể cư xử lễ độ hơn một chút không? Nở nụ cười cũng là một phần bổn phận của gia nhân đấy."""
Kanon,"""...............Tôi xin lỗi. ...Tôi sẽ cố gắng."""
Kumasawa Chiyo,"""Hoh‐hoh‐ho... Gohda à, Kanon đã cố hết sức rồi chứ, nhỉ?"""
,Có vẻ như cậu ấy thường xuyên bị nhắc nhở về chuyện thiếu lễ phép.{n}Và rõ ràng là cậu vẫn chưa tiến bộ được bao nhiêu.
,"Chú Gohda vẫn giữ nụ cười ""nghề nghiệp"", nhưng không giấu nổi tiếng thở dài cam chịu."
Kanon,"""......Tôi vẫn còn công việc phải làm..........Xin phép được đi trước."""
,Có vẻ như bản thân Kanon cũng không muốn tiếp tục đứng yên ở đây trong im lặng nữa.
,"Sau một cái cúi đầu qua loa, cậu quay người và tiếp tục đẩy chiếc xe rùa."
,"Đúng lúc đó, chiếc xe rùa bỗng loạng choạng và ngã xuống, làm đổ hết mọi thứ bên trong."
,Chắc là bánh xe lỡ bị vấp vào một viên sỏi nên bị mất thăng bằng.
Gohda Toshiro,"""Cái gì vậy chứ... nhanh lên, mau dọn dẹp đi...!"""
,"Chú Gohda thúc giục bằng một tông giọng trầm, như đang nhắc nhở rằng việc để lộ bộ dạng vụng về trước mặt khách là điều xấu hổ của gia nhân."
,"Thể hiện rõ là mình hiểu điều đó mà chẳng cần ai nhắc, Kanon lặng lẽ nhặt lại những vật dụng rơi vãi và xếp lại lên xe."
,"Mấy dụng cụ làm vườn nhẹ như xẻng thì không sao, nhưng trông cậu ta có vẻ chật vật khi cố ôm lấy mấy bao phân bón."
Ushiromiya Jessica,"""Ổn chứ? Cậu bất cẩn quá đấy. Nè."""
Gohda Toshiro,"""Tiểu thư à, y phục của cô sẽ bị bẩn mất. Xin hãy để việc đó cho cậu ta."""
,"Với một cử chỉ đầy thanh lịch, Gohda nhận lấy cái xẻng mà Jessica vừa cúi xuống nhặt."
,Sau lưng ông là hình ảnh Kanon vẫn đang vất vả với mấy bao phân bón.
Ushiromiya Maria,"""......Uu. Y phục của anh sẽ bị bẩn mất?"""
Ushiromiya Battler,"""Em đừng lo, quần áo anh chẳng phải thứ gì sang trọng đâu."""
Ushiromiya Battler,"""Với lại, anh chúa ghét mấy kẻ mà chuyên bắt bồi bàn phải cúi xuống nhặt nĩa nếu họ lỡ làm rơi đấy."""
,"Tôi cúi xuống nhặt những bao phân còn lại.{n}Tất nhiên là chúng không nhẹ gì, nhưng với tôi thì chẳng nhằm nhò gì."
,"Kanon‐kun ngẩng lên nhìn tôi, mắt đầy bất ngờ.{n}Đó là ánh mắt của một người không ngờ sẽ được khách giúp đỡ."
Kanon,"""............T-thưa cậu Battler... Không cần đâu ạ... Tôi sẽ tự làm được..."""
Ushiromiya Battler,"""Đừng lo! Nhìn vậy chứ tôi khỏe lắm đấy! Heheh!"""
,"Kanon trông như vẫn chưa qua giai đoạn dậy thì, với thân hình yếu ớt."
,Chắc mấy thứ nặng như vầy là quá sức với cậu ấy.
Ushiromiya George,"""Nặng phết mà, nên khó khăn với cậu cũng là điều dễ hiểu thôi. Kanon à, đừng để tâm quá."""
Ushiromiya Battler,"""OK, đến lúc em thể hiện rồi. Xem như bù lại vụ trên thuyền hồi nãy, được không?"""
Ushiromiya Jessica,"""Ha! Mấy trò hề hồi nãy mà xem như xí xóa là xong á! Ah‐hah‐hah‐ha! Lát nữa tôi kể hết cho cậu nghe nha, Kanon à. Battler là cây hài chính hiệu luôn!"""
Ushiromiya Maria,"""Rơi mất thuiii rơi mất thuiii!! Uu‐uu‐uu!!!"""
,"Vừa làm vừa nói khiến mọi thứ có vẻ diễn ra nhanh chóng, và trước khi tôi kịp nhận ra, mọi thứ đã được chất đầy trở lại lên xe rùa."
Kanon,"""............Vì đã để các vị chứng kiến cảnh tượng khó coi này, tôi xin phép được thứ lỗi."""
Gohda Toshiro,"""Tốt lắm, đủ rồi đấy. Giờ cậu đi đi."""
,Việc để khách – những người lẽ ra phải được tiếp đón chu đáo – chứng kiến cảnh tượng xấu hổ như vậy... hẳn là một nỗi nhục lớn đối với một gia nhân.
,"Bị Gohda thúc giục rời đi, Kanon‐kun đã cất bước."
Ushiromiya Eva,"""Anh hơi nặng lời với cậu ấy rồi đó, Gohda à. Sao không giúp một tay thay vì bắt nạt, nhỉ?"""
Gohda Toshiro,"""...Bà nói đúng rồi ạ. Tôi thật lòng, thật lòng xin thứ lỗi."""
,"Với miệng cười không chút thay đổi, chú Gohda tinh tế đưa ra lời xin lỗi."
Ushiromiya Hideyoshi,"""Kanon cũng có nhiều mặt tốt đấy. Chỉ là tại cậu ta còn trẻ quá thôi. Nghĩ mà tiếc thật."""
Ushiromiya Rudolf,"""Đang ở tuổi nhạy cảm mà. Cứ đối xử nhẹ nhàng với cậu ấy đi. Biết im lặng như vậy lại là đức tính một gia nhân cần có đó. Phải vậy không thưa bà Kumasawa?"""
Kumasawa Chiyo,"""Hoh‐hoh‐hoh‐ho, ngài Rudolf ác quá nha! Không có gia nhân nào im lặng được bằng tôi đâu!"""
,"Ai nấy đều cười gượng với lời dối trắng trợn đó.{n}Ngay cả chính bà ấy cũng không tin được lời mình nói, dù chỉ là trong mơ.{n}Bà nói vậy chỉ để giúp mọi người thư giãn thôi."
,"Đúng thế, đó là phong cách của bà Kumasawa mà."
,Bầu không khí có phần căng thẳng lập tức trở nên nhẹ nhàng hơn nhờ nụ cười rạng rỡ của bà.
Ushiromiya Kyrie,"""Tôi muốn cất hành lý sớm một chút. Anh Gohda, chúng tôi sẽ chia phòng thế nào?"""
Gohda Toshiro,"""Sẽ giống như năm ngoái, thưa bà. Tôi xin phép được dẫn đường. Xin mời đi lối này."""
,Chúng tôi tiến về phía khu nhà khách trông gọn gàng và trang nhã.{n}Đây sẽ là nơi tạm trú của chúng tôi trong một đêm.
Kanon,""".........................................."""
,Kanon đứng nhìn qua hàng rào khi các vị khách bước vào căn nhà khách.
,"Thế rồi, cậu hướng mắt xuống mấy bao phân bón nặng trịch chất trên xe cút kít."
,"Trong đầu, cậu không ngừng lặp lại những lỗi lầm vừa rồi.{n}Battler, to khỏe như vậy, đã nhấc những chiếc bao mà cậu không thể nâng nổi lên, như thể chúng nhẹ như lông hồng."
,Khó có ai đoán được cảm xúc gì đang dâng trào trong lòng Kanon khi chứng kiến điều đó.
,"Nhưng chỉ cần nhìn từ sau lưng khi cậu cúi đầu xuống, cũng có thể thấy rằng trong lòng cậu vẫn còn điều gì đó đang vướng mắc."
,...Môi cậu thì thầm điều gì đó.{n}Nhưng những lời thì thầm ấy khẽ khàng đến mức chính bản thân cậu cũng không nghe rõ.
Kanon,"""...............Ngay cả mình cũng..........................."""
,"Kanon cúi đầu, khẽ cắn môi dưới..."
Ushiromiya Battler,"""Em nhớ khu vườn hoa hồng, cơ mà...Em không nhớ gì về nhà khách này cả. Nó mới được xây gần đây à?"""
,"Chữ ""Toraian"" (Nhà nghỉ cho khách) được viết trên trụ cổng, nhưng vì mọi người đều gọi là nhà khách nên tôi cũng gọi theo."
,"Đây là nhà khách kiểu Tây hoàn toàn mới, có góc nhìn ra vườn hồng, và được thiết kế sao cho thật lộng lẫy để đạt được sự hài hòa tuyệt vời với khu vườn."
Ushiromiya George,"""Đúng vậy! Nó mới được xây vào năm kia. Từ đó đến nay, bọn anh vẫn hay được ngủ ở đây."""
Ushiromiya Jessica,"""Hehe, ừ, vì ai cũng thích chỗ này hơn cái biệt thự cũ kỹ mà nhà mình có từ đời nào rồi. Em ước gì phòng em cũng ở đây!"""
Ushiromiya Maria,"""Uu! Em cũng muốn nữa! Muốn một cái nữa!"""
,"...Nhà tôi chắc cũng được xem là nhà giàu rồi, nhưng khi nhìn lại thì mới thấy nó bình thường biết bao so với nhà chính của gia tộc."
,"Như một sự phô trương tài sản đầy sửng sốt, họ đã xây hẳn một căn nhà khách tuyệt vời như thế này, chỉ để tiếp đón những vị khách mỗi năm chỉ đến một lần dùng cơ mà."
Gohda Toshiro,"""Thưa bà Eva, thưa ông Hideyoshi. Xin mời hai vị dùng phòng này. Thưa ông Rudolf, thưa bà Kyrie, xin mời dùng phòng bên đây."""
Ushiromiya Eva,"""À vâng, tôi rất cảm kích vì nơi này đẹp đẽ và sang trọng quá. Phong cách phương Tây thật tuyệt vời nhỉ."""
Ushiromiya Hideyoshi,"""Ở kiểu Tây vài ngày thì được, chứ lâu hơn là lại cần kiểu Nhật thôi! Người Nhật mình chỉ thấy thư giãn khi được ngồi chiếu tatami."""
Ushiromiya George,"""...Haha, bố mẹ anh cứ cãi nhau về việc nhà mới nên theo kiểu Nhật hay Tây. Mẹ thì vẫn giận vụ bố bắt đầu xây theo kiểu Nhật, nên cãi nhau miết đó."""
Ushiromiya Jessica,"""Bố mẹ anh hợp nhau thật đó, anh George... Em ganh tị ghê. Còn bố mẹ em thì lạnh lùng với nhau lắm. Nhưng cứ nhắc tới điểm số của em là họ lại đồng lòng ngay."""
,"Tất cả các phòng dường như là phòng đôi.{n}Tôi thấy mừng vì sẽ không phải ngủ cùng phòng với lão già kia chỉ vì lý do ""là người cùng một nhà"" nữa."
,"Vả lại, tôi đoán hai người đó cũng không thoải mái được nếu có tôi ở đó, ihihi."
Ushiromiya Kyrie,"""Sao cháu lại có nụ cười kỳ cục đó vậy? Đang nghĩ chuyện bậy bạ gì đúng không."""
Ushiromiya Battler,"""Ihihihi~! Chuyện bậy bạ áááááá? Làm gìììììì có~! Xin mời cô cứ... tận hưởng kỳ nghỉ nhéééé~!"""
Ushiromiya Battler,"""Ối, ốiốiốiốiốiii! Lão già, đau thật đó nha!"""
,"Lại một lần nữa, bố kéo tai tôi từ phía sau."
Ushiromiya Rudolf,"""Thôi đi con. Bụng bố mày đang đau đây, không có hứng đùa đâu. Lần này mày là khách mời danh dự đó. Cố mà cư xử cho đàng hoàng với bố, với anh mày, và cả mấy người còn lại nữa."""
Ushiromiya Rudolf,"""......Ít nhất thì, chú ý lời ăn tiếng nói trước mặt bố đi, nghe chưa? Vì bố cực ghét mấy câu đùa nhảm đấy.""......Jessica ơi, dạo này tâm trạng ông nội thế nào rồi?"""
Ushiromiya Jessica,"""...Hmm......Cũng như năm ngoái thôi, chắc vậy. ......Mọi người cứ nói ông chỉ còn sống được ba tháng nữa, vậy mà ông vẫn còn khỏe, cáu kỉnh, và khó ở như thường."""
Ushiromiya Rosa,"""Tức là, năm nay tâm trạng bố vẫn còn tồi tệ như mọi khi. ......Và người duy nhất có thể chăm sóc bố là ông Genji?"""
Kumasawa Chiyo,"""Có vẻ như chủ nhân chỉ mở lòng với ông Genji thôi. Gần đây thì bọn tôi không có ai được diện kiến nữa mà..."""
Ushiromiya Jessica,"""Ông lại nhốt mình trong thư phòng rồi, chắc lại làm mấy cái trò ma thuật đen kỳ quặc như mọi khi á. Làm gì thì làm, nhưng khi mùi lạ bốc lên khắp nơi thì thật là phiền. ...Cháu thì mong ông cứ ở lì trong đó đi, khỏi ra luôn cho xong. Heheheh!"""
Ushiromiya George,"""Em không nên nói vậy về người lớn tuổi nhé. Ai cũng mang ơn ông vì đã xây dựng lại gia tộc Ushiromiya mình mà, nên biết ơn một chút cũng không thừa."""
Ushiromiya Jessica,"""Ờm... thì... ......Em xin lỗi."""
,"Bị anh George trách mắng, Jessica không còn cách nào khác ngoài việc rút lại lời nói thiếu suy nghĩ của mình."
,"Gia tộc Ushiromiya giàu có đến mức khó tin, nhưng tất nhiên, điều đó cũng đồng nghĩa với việc tất cả các thành viên đều là những con người lập dị, hoàn toàn lệch nhịp so với phần còn lại của xã hội."
,"Tuy tôi đã thấy gia tộc chúng tôi nhìn chung là lập dị rồi, nhưng người đứng đầu gia tộc – tức là ông nội chúng tôi – dường như còn đặc biệt lập dị và đáng sợ hơn thế."
,"Bố tôi vừa than đau bụng ban nãy, nhưng có lẽ đó cũng là cảm giác chung của tất cả người lớn khi đến đây hôm nay."
,Chắc chắn họ đang ghen tị với bọn tôi – lũ cháu của ông – những đứa trẻ chỉ biết chơi đùa vô tư.
,"Theo những gì bố kể, người đứng đầu gia tộc là một gã đàn ông vũ phu, từng không xót tay mà đánh con trai, và thậm chí còn đập con gái không thương tiếc bằng kiếm gỗ."
,"Nếu đã ""truyền thống"" đến mức đó với con cái, sao ông không để tên của tụi nó cũng ""truyền thống"" luôn đi?"
,"Vì thế này, thì đến cả các cháu như tụi tôi cũng phải gánh chịu cái phong cách đặt tên ấy."
,"......Mà thôi, tôi hoàn toàn tin vào cái hình ảnh đáng sợ mà họ miêu tả về ông."
,"Tôi không có nhiều ký ức về những lần gặp ông suốt những năm qua, nhưng tôi nhớ khuôn mặt ông lúc nào cũng như mây đen vần vũ, chỉ một ánh mắt cũng đủ khiến mọi người xung quanh co rúm lại."
,Tôi nhớ không khí trong phòng mỗi khi ông xuất hiện căng đến mức không thể thở nổi.
,"Câu nói bố vừa nhắc về việc tôi là khách mời danh dự lần này, giờ nghe lại có vẻ mang nhiều ""trọng lượng"" hơn rồi đó."
Ushiromiya Battler,""".........Sáu năm trước, em còn học tiểu học, còn giờ em đã là học sinh cấp ba rồi, không còn trốn tránh được nữa. Nếu không thể hiện sự kính trọng, thì chắc sẽ có chuyện lớn đây. ...Ooo, đáng sợ thật."""
Ushiromiya George,"""Ông trông có vẻ đáng sợ đấy, nhưng thật ra cũng không hẳn đâu. Chắc chắn ông không bao giờ bất công. Chỉ là ông không giỏi ăn nói thôi."""
Ushiromiya Jessica,"""Nhưng anh George à, anh là cháu cưng trong nhà từ xưa đến giờ nhờ học giỏi mà đúng không? Ông nội đối xử với tụi em khác hẳn nha!"""
Ushiromiya Jessica,"""Như em nè, từng bị đánh kiếm gỗ. Đánh vào mông, đánh vào mông em luôn đó! Đánh vào cái mông trần trinh nguyên của em đó!"""
Ushiromiya George,"""À thì, em là người thừa kế của nhà chính mà, Jessica. Ông nội chỉ đang chăm sóc em đặc biệt thôi. Phải hiểu là sự nghiêm khắc của ông thể hiện kỳ vọng rất lớn dành cho em."""
Ushiromiya Jessica,"""Ôi trời ơi. ...Thật lòng ấy, em muốn giao lại quyền thừa kế cho anh luôn đó, anh George à. Cái gánh nặng này thì quá sức với em rồi."""
,"Tôi nghĩ mình đã nói rồi, nhưng mà Jessica là con gái của người con trai cả, đồng nghĩa với việc chị ấy phải mang trọng trách thừa kế nhà chính.{n}Áp lực trên vai chị ấy chắc chắn khác hoàn toàn với tụi tôi – những đứa con của những người con thứ."
Ushiromiya Maria,""".........Uu? Chị Jessica ơi, nặng lắm à? Nếu em cầm giúp, nó sẽ nhẹ hơn không?"""
Ushiromiya Jessica,"""Hm? Ahahahaha, cảm ơn nha. Không sao đâu, chị không để em phải chịu nó đâu, bé Maria."""
Ushiromiya Jessica,"""......Chị phải tự mang nó cho đến lúc xuống mồ thôi. ...Đừng lo nhé."""
,"Dù trân trọng sự quan tâm ngây thơ của Maria, Jessica dường như không thể xua tan nỗi lo âu về tương lai vẫn hiện rõ trên gương mặt."
,"...Tôi thì chắc cũng chẳng khác gì.Học sinh cấp ba nào mà không có những bài kiểm tra chờ phía trước chứ, và chúng đều đi liền với những nỗi bất an khó giấu nổi về tương lai."
Ushiromiya Rosa,"""Maria, lại đây nào. Con sẽ ở phòng này với mẹ nhé."""
Ushiromiya George,"""Battler à, có vẻ như em sẽ ở phòng này với anh đấy."""
Ushiromiya Battler,"""Oh? Bất ngờ ghê! Phòng này còn to hơn phòng của bố mẹ tụi mình nữa, wo~w!"""
Ushiromiya Jessica,"""Chị đoán là tụi mình đã là anh em họ với nhau thì chắc sẽ tụ tập chung một chỗ thôi. Nên là chị đã bảo họ làm ra một cái phòng to đùng như thế này luôn."""
Ushiromiya Maria,"""Uu! Em cũng thích ở đây nhất! Ở đây thích hơn là ở cùng với Mama! Uu‐uu!"""
Ushiromiya Battler,"""Ok, Maria cũng thích ở đây hơn ha! Vậy thì, phòng này là của anh George với anh, nhưng bọn anh sẽ cho em đặc quyền vào đây nha! Đừng nói với mẹ em đấy!"""
Ushiromiya Maria,"""Uu! Bí mật!"""
,"Mẹ cô bé – cô Rosa – đang đứng ngay phía sau, nhưng Maria vẫn cất tiếng đáp, tay nắm chặt đấm vào không khí."
,"Sau khi bố mẹ tụi tôi để hành lý vào phòng, họ lại tụ họp ngoài hành lang."
Ushiromiya Rudolf,"""Này mấy nhóc, các con tính sao đây? Mấy anh em họ nhà này cứ định ngồi đây mà trò chuyện thôi hả?"""
,Có vẻ họ đang chuẩn bị đến biệt thự để chào hỏi.
,"...Bình thường, tụi tôi cũng sẽ phải đi theo và chào hỏi chung, nhưng nếu vậy thì bố tôi chỉ đơn giản bảo ""Các con đi cùng luôn đi!"" là xong chuyện."
,Mà lần này thì tụi tôi không đi cũng chẳng sao... Vậy giờ làm gì đây?
Ushiromiya Hideyoshi,"""Cũng sắp tới giờ ăn trưa rồi. Cho các cháu thư giãn ở đây chút cũng tốt. Với lại, nếu mà xui lắm thì, có khi đây là lần cuối tụi nó được chơi ngoài trời."""
Ushiromiya Maria,"""Uu! Con đi nữa!"""
Ushiromiya Rosa,"""Maria, con trông nhà giúp Mama nhé, được chứ? Ngoan và đợi mẹ ở đây nhé."""
Ushiromiya Maria,"""......Uu."""
,"Giờ Maria bị bảo phải ở lại, thì tụi tôi cũng không thể bỏ lại cô bé một mình được."
,Anh George lập tức nhận ra điều đó và trả lời dứt khoát thay mặt cả bọn.
Ushiromiya George,"""Vậy thì tụi cháu xin nhận lời và ở lại trông nhà. Một năm không gặp, tụi cháu có nhiều chuyện để nói lắm."""
Ushiromiya Kyrie,"""Vậy là tốt nhất. Với lại Battler còn có tận sáu năm chưa được nói gì với mọi người mà!"""
Ushiromiya Battler,"""Vâng vâng. Cháu sẽ trông nhà như một cậu bé ngoan luôn."""
Ushiromiya Jessica,"""Bà Kumasawa, cháu cũng sẽ ở lại nhé! Mấy chuyện còn lại nhờ người lớn lo, tụi cháu sẽ tách đoàn một chút, heheheh!"""
Kumasawa Chiyo,"""Vậy thì là tốt nhất rồi, hoh‐hoh‐ho. Tôi sẽ báo lại với bà chủ..."""
Gohda Toshiro,"""Vậy thì, xin mời các vị, tôi sẽ dẫn đường đến biệt thự. Mời đi lối này."""
Ushiromiya Eva,"""...Không tính mấy đứa nhỏ, chứ George giờ là người lớn rồi. Cho nó đi cùng tụi mình không tốt hơn sao?"""
Ushiromiya Hideyoshi,"""Kêu nó đi theo thì tội nó lắm, vì có khi con mình sẽ cảm thấy không theo được mọi người đâu. Giao tiếp với mấy đứa em họ cũng quan trọng mà. Thôi, gặp sau nhé mấy đứa!"""
,Những người lớn lần lượt rời đi.
,"Giống như lúc dẫn tụi tôi từ bến tàu lên đây, chú Gohda đi trước dẫn đầu, còn bà Kumasawa lại bước theo sau cùng."
,"Khi chúng tôi tụ tập trong căn phòng lớn được phân như ban nãy, anh George xin phép chạy ra ngoài một lát. Anh vội đến chỗ bà Kumasawa, người đang theo sau hội người lớn đang khuất dần, và dường như hỏi bà điều gì đó."
,"Chẳng mấy chốc, anh quay lại sau khi hoàn tất việc."
Ushiromiya Battler,"""Sao vậy anh?"""
Ushiromiya George,"""À, không sao đâu. Anh chỉ muốn hỏi vài thứ thôi."""
Ushiromiya Maria,"""Uu! Hỏi em nữa đi! Hỏi em nữa điii!"""
Ushiromiya Jessica,"""......Hm~? Hmhuhuhuhu. Có chuyện gì mà anh George phải hỏi bà Kumasawa mà không hỏi em nhỉ~? Ah, em không biết được đâu á~!"""
Ushiromiya George,"""Không, em hiểu lầm rồi...! Anh không biết em có hiểu lầm hay không nhưng mà...!"""
,Anh George bắt đầu lắp bắp thấy rõ.
,"Nhìn như thể anh ấy đang giấu chuyện gì đó, còn Jessica thì nắm được hết rồi."
,"...Mà nếu có chuyện gì chỉ có Jessica biết mà tôi thì không, thì chán chết luôn!"
Ushiromiya Battler,"""Nè Maria, tụi mình bị ra rìa thì đâu có công bằng đúng không~?! Tụi mình cũng muốn biết hai người ấy đang nói gì chứ, đúng không~?!"""
Ushiromiya Maria,"""Uu! Battler với em cũng muốn biết! Battler với em cũng muốn biết!"""
,"""""Uu‐uu‐uu‐uu!!!"""""
,"Tôi bắt chước ""uu‐uu"" cùng với Maria và đùa giỡn."
Ushiromiya George,"""Không, anh nói thật mà... chẳng có gì to tát đâu, ahahaha..."""
Ushiromiya Battler,"""Xạo là rõ~! Anh dở tệ khoản nói dối luôn đó, mau khai ra đi! Maria, em cù bên phải, anh sẽ cù bên trái!"""
Ushiromiya Maria,"""Uu! Em bên phải, Battler bên trái! Uu!"""
Ushiromiya George,"""Khoan đã nào!! Khoan đã mấy đứa...!! Ahahaha, dừng lại, ahahahahahaha!!"""
,"George‐aniki lăn lộn trên giường cố né, còn tôi với Maria thì đuổi theo để trêu anh ấy."
,"Trong đầu tôi có giọng nói nhắc rằng mình là học sinh cấp ba rồi đấy, không còn là con nít nữa đâu, nhưng dù vậy, tôi vẫn nhớ cảm giác vui vẻ kiểu này."
,Một niềm vui ấm áp.
Ushiromiya Jessica,"""Haahahahaha, chuyện anh George hỏi bà Kumasawa đó, thì... Hmm~? À thì, em cũng biết mà. Một năm rồi anh ý mới quay lại nhà chính. Thì có vẻ là anh ý đang nóng lòng chào hỏi mấy gia nhân mới vào hay sắp nghỉ việc thôi mà."""
Ushiromiya Maria,"""......Uu? Chào hỏi? Em cũng muốn chào hỏi!"""
Ushiromiya Battler,"""Cái quái gì chứ, chuyện đó thì có gì phải giấu đâu, anh George à. ......Hmm~~m? Không phải vậy đâu đúng không?? Maria, đừng để bị lừa, anh ấy vẫn còn giấu chuyện gì đó~! Tiếp tục tra khảo!! Uworyaaa!!"""
Ushiromiya George,"""D‐dừng lại đi, nghiêm túc đó! Aahahahahaha! Bé Maria à, em cũng dừng lại đi!!"""
Ushiromiya Maria,"""Aahahahahaha, aahahahahaha! *cười khúc khích*!!"""
Ushiromiya Jessica,"""Có lẽ họ đang bận dọn dẹp hoặc chuẩn bị bữa trưa. Không sao đâu, tụi mình sẽ chào hỏi đàng hoàng sau. Căn bản là, anh muốn Shannon ra chào mình chứ gì, chứ không phải bị chú Gohda chen ngang đúng không?! Heeheheh!"""
Ushiromiya Battler,"""Shannon hả? ......Shannon. ......Aaaaaaaaahh... Nhớ rồi, cô gái đó! Vẫn còn làm hầu gái à? Giờ cô ấy thế nào rồi?!"""
Ushiromiya Hideyoshi,"""Nhân tiện, chị Natsuhi à. Gần đây chị còn bị đau đầu nữa không? Hồi trước thấy có vẻ nghiêm trọng lắm."""
Ushiromiya Natsuhi,"""...Dạo này chị đã khá hơn nhiều rồi. Cảm ơn chú đã quan tâm."""
Ushiromiya Rosa,"""À, đúng rồi, đây. Em có chút quà gửi chị Natsuhi ạ."""
Ushiromiya Natsuhi,"""......Chị xin cảm ơn cô lần nữa nhé. Lúc nào chị cũng có quà từ cô mãi. ...Đây là trà đen à?"""
Ushiromiya Rosa,"""Là trà thảo mộc pha bạc hà và tía tô đất ạ. Đây là loại trà được pha chế đặc biệt từ một cửa hàng nổi tiếng, nghe nói là sẽ tốt cho những ai hay bị đau đầu. Em nghĩ có thể giúp ích cho chị ạ."""
,Rosa lúc nào cũng là người chu đáo.
,"...Có lẽ vì cô là con út trong bốn anh em, và cũng kém xa tuổi so với các anh chị, nên cô đã lớn lên mà không mang lòng đố kỵ như các anh chị của mình."
,"Sự quan tâm của cô khiến Natsuhi cảm thấy dịu lại một chút, nhưng không đủ để cô xóa tan nét lo âu hằn trên gương mặt của mình, vốn đã bị bao năm căng thẳng hóa thành như vô cảm..."
Ushiromiya Eva,"""Phải rồi, chị lúc nào cũng nói bị đau đầu mà. Thôi cố gắng lên. Jessica cũng sắp thi rồi đúng không? Đây chẳng phải là bước ngoặt lớn sao? Làm sao nó trông cậy vào mẹ mình nếu chị cứ thế này chứ? Hơn nữa, chị Natsuhi à, chị ít hơn tôi tận ba tuổi đó. Không thể cố gắng hơn được sao?"""
Ushiromiya Natsuhi,"""............ .........Chị xin lỗi. Từ lúc sinh ra chị đã bị vậy rồi."""
,"Eva đôi khi không biết lựa lời, và dù vẫn cười, lời cô ấy dành cho Natsuhi chứa đầy ác ý rõ rệt."
,"Tất nhiên, điều đó không thoát khỏi tai mắt của Natsuhi."
,"Cô phải cố gắng lắm mới kìm được việc nhăn mặt, và giả vờ như không để ý đến Eva."
Ushiromiya Kyrie,"""Battler nhà mình cũng sắp thi rồi đúng không? Rudolf à, anh cũng nên lo lắng một chút chứ? Vì con trai mình, lo đến mức đau đầu như chị Natsuhi cũng được đấy."""
Ushiromiya Rudolf,"""Anh mà nói gì thì nó tự động làm ngược lại ngay. Thế thì nên bảo nó làm cái gì? Có khi là bảo nó cứ chơi bời thoải mái lại hay nhỉ? Có lẽ đó là thứ duy nhất nó chịu nghe thôi."""
Ushiromiya Rudolf,"""Còn gia đình anh Hideyoshi thì sao, hồi George còn đi học thì đều thi cử tốt chứ? Làm ơn chỉ em bí quyết dạy con với."""
Ushiromiya Hideyoshi,"""Hmm, thì... Có lẽ vì anh đã giải thích cho nó hiểu được tại sao phải học! Việc học không có giá trị gì nếu chỉ là học cho có."""
Ushiromiya Hideyoshi,"""Đúng rồi, mục đích thật sự của việc học là để rèn luyện khả năng tự nghiên cứu những điều mình chưa biết! Nếu không làm được điều đó, thì chẳng giúp được gì cho xã hội cả! Anh không nói đến toán hay văn gì đâu. Quan trọng là phải ""học được cách học""!"""
Ushiromiya Natsuhi,"""...Tuyệt vời quá. Giá mà Jessica nhà chị cũng hiểu điều đó thì tốt biết mấy. Chị nói thế không phải để chỉ trích con bé đâu, nhưng với tư cách là người thừa kế của gia tộc Ushiromiya thì–"""
Ushiromiya Eva,"""Chị thật sự cần phải ép buộc nó trở thành người thừa kế sao? Phụ nữ phải tự tìm thấy hạnh phúc cho riêng mình chứ. Cha mẹ không nên quyết định điều đó thay cho con cái, đúng không?"""
Ushiromiya Hideyoshi,"""Bình tĩnh nào, Eva. Mỗi gia đình đều có cách dạy con riêng mà. Em đừng áp đặt quá."""
Ushiromiya Eva,"""Xin lỗi nhé. Chị Natsuhi à, đừng hiểu lầm lời tôi nhé."""
Ushiromiya Natsuhi,"""..........................."""
,"Dù ánh sáng ngoài cửa sổ khá ấm áp trong khi trời đầy mây, không khí trong phòng lại mang một màu sắc u ám, ...có lẽ điều đó khiến không chỉ mình Natsuhi cảm thấy nhức đầu."
,"Như để xua đi bầu không khí ấy, Kyrie vui vẻ đưa ra một đề nghị với mọi người."
Ushiromiya Kyrie,"""Dù sao thì, trà đen này có mùi thơm tuyệt quá. Mời mọi người cùng uống ngay thôi. Chị nghe nói ở Nhật thì trà đen hiệu Leopold chỉ có thể mua ở Ginza, đúng không?"""
Ushiromiya Rosa,"""Chị biết nhiều quá, chị Kyrie à. Thứ trà này rất đáng mua đó."""
,"Kyrie và Rosa đứng dậy, như thể đang chuẩn bị rót trà.{n}Natsuhi đã ngăn họ lại."
Ushiromiya Natsuhi,"""......Cảm ơn cả hai em. Lát nữa chúng ta hãy uống sau cũng được. Chuẩn bị có người mang trà tới đây rồi, vậy nên cứ ngồi yên mà thư giãn nhé."""
Ushiromiya Rudolf,"""Hai em cứ để đó đi. Để gia chủ được đãi chúng ta một ly trà mời khách đã chứ."""
,Rudolf kín đáo ra hiệu bằng ánh mắt để họ ngồi xuống lại.{n}...Kyrie và Rosa hiểu ý ngay và lặng lẽ trở về chỗ ngồi.
,"Khách thì cũng đã chào rồi, vậy thì bây giờ là lúc trà nên được mang ra."
,"...Nhưng đợi mãi mà gia nhân vẫn chưa thấy đâu cả, và để khách tự bàn về việc rót trà thì thật mất mặt cho chủ nhà."
,"Natsuhi cắn môi dưới, giận dữ vì sự chậm trễ của đám người hầu."
,"...Thấy biểu cảm đó, Eva không ngần ngại bật cười khúc khích."
,"......Dĩ nhiên, Shannon hoàn toàn không biết chuyện gì đang xảy ra trong phòng khách."
,"Khi cô đẩy xe trà chất đầy những chiếc tách vào phòng, Natsuhi nhìn cô với một ánh mắt đau đớn mà không rõ lý do, khiến Shannon giật mình mà không hiểu mình làm gì sai."
Shannon,"""......X‐xin thứ lỗi. Tôi sẽ chuẩn bị trà ngay."""
Ushiromiya Hideyoshi,"""Ô kìa, cô Shannon, đã lâu không gặp rồi! Mỗi lần gặp lại là tôi lại thấy cô xinh hơn hẳn đấy!"""
Shannon,""".........Ô, ...ừm, .........dạ cảm ơn–"""
Ushiromiya Natsuhi,"""Chuyện trò thì để sau khi bày bàn xong đi. Trà sẽ nguội mất."""
Shannon,"""......Con, ...con xin lỗi, thưa bà."""
,"Shannon xin lỗi như một con thú nhỏ sợ hãi, va vào xe trà làm rơi lẻng xẻng mấy cái thìa."
,"Sự vụng về đó khiến nét mặt Natsuhi càng thêm nghiêm khắc, khiến cô lại càng sợ hãi hơn."
Ushiromiya Eva,"""Không sao đâu à, chị Natsuhi. Một câu chào hỏi thì có gì to tát chứ? Đằng nào tụi tôi cũng ngồi chờ quá lâu rồi, trà chắc cũng nguội hết rồi. Heheheh."""
Shannon,"""Dạ, ...dạ không sao ạ... Trà vẫn chưa nguội, nên–"""
Ushiromiya Natsuhi,""".........Shannon, dọn cho xong cái bàn đi, nhanh lên."""
Shannon,"""Dạ, con xin lỗi, thưa bà......"""
,Rõ ràng là Natsuhi đang bực bội.
,"...Từ sự chậm trễ trong việc mang trà ra, rồi sự vụng về của người hầu – tất cả đều phản ánh sự yếu kém trong việc quản lý của Natsuhi, khiến bà cảm thấy bị mất mặt."
,"Với tư cách là người phụ trách nhà chính của gia tộc Ushiromiya, việc để xảy ra sơ suất như vậy vào đúng ngày hôm nay thật sự là một nỗi nhục."
Ushiromiya Rudolf,"""Bình tĩnh nào, chị Natsuhi. Có phải chị đang hơi quá đáng với cô Shannon, kể cả khi cô ấy đang cố gắng hết sức không?"""
Ushiromiya Natsuhi,"""Chị đâu có quá đáng đâu...!"""
Ushiromiya Kyrie,"""Mùi thơm thật đấy. Cho tôi hỏi tên thương hiệu của trà này được không?"""
Shannon,"""............Ưm.........Con, ...con thật sự xin lỗi... Con sẽ tìm hiểu rồi báo lại sau ạ..."""
,"Kyrie cố gắng làm dịu không khí, định thân thiện với Shannon."
,"...Thế nhưng, Shannon lại thể hiện một bộ mặt luống cuống đáng xấu hổ, khiến nét mặt Natsuhi và không khí trong phòng càng trở nên nặng nề."
,"Tới lúc này, tiếng cười khúc khích của Eva đã đủ to để ai cũng nghe thấy."
Ushiromiya Eva,"""Cái gì đây hửửử? Shannon à, cô còn không biết mình đang rót cái gì cho tụi tôi sao? Này nhé, không được rót cái thứ đáng ngờ như vậy để đãi khách đâu đó. Đã thế thì phải có thìa bạc để kiểm tra trước nữa chứ."""
Shannon,""".........Con, ...con xin lỗi...... Con sẽ đi lấy ngay–"""
Ushiromiya Eva,"""Cô Shannon này? Cô có biết thìa bạc dùng để làm gì không? Hoặc tại sao thìa phải làm bằng bạc không? Cô có biết không?"""
Shannon,"""...............không............ưm......"""
,"Eva nhìn Shannon đang dọn bàn, nụ cười ranh mãnh hiện trên khuôn mặt."
,"...Nếu tách riêng ra, nụ cười đó có thể gọi là duyên dáng, tinh nghịch."
,Nhưng lời nói của cô ả lại sắc bén như dao cạo vậy.
,Shannon cố gắng tránh ánh mắt Eva đang nhìn chằm chằm vào mình.
,"Nhận ra Shannon đang lúng túng, Rosa nhanh chóng cứu nguy."
Ushiromiya Rosa,"""Người ta nói bạc sẽ xỉn màu nếu chạm phải độc đó. ...*cười khúc khích*, học được điều mới rồi nè, phải không cô Shannon?"""
,Thứ trà đãi khách ấy đã bị xem là không thể uống được nếu chưa được thử độc.
,"Trong mắt Natsuhi, đó là sự sỉ nhục đối với cả trà...và bản thân bà vì đã chịu trách nhiệm phục vụ nó."
,Rudolf bật cười rồi vỗ vai Eva.
Ushiromiya Rudolf,"""Haha, không cần đồ đạc bằng bạc gì đâu. Chỉ cần để cái miệng lưỡi rắn độc của chị liếm cho một phát là bạc nào cũng thành ra đen sì luôn rồi."""
Ushiromiya Hideyoshi,"""Wahahahaha! Ngày nào anh cũng được nghe những lời nói từ cái miệng đó, nên chắc giờ anh cũng kháng độc luôn rồi! Eva à, em có nói nặng lời với anh thì cũng chẳng sao, nhưng hãy nhẹ tay với những người khác hơn chút! Wahahahaha!"""
Ushiromiya Eva,"""Ôi, sao mà ác thế. Em chỉ cung cấp một chút kiến thức về trà cho cô Shannon thôi mà, đúng không? *cười khúc khích*."""
,"Mọi người đều cười theo tiếng cười lớn của Hideyoshi, dù hơi gượng gạo."
,"Chỉ còn mỗi Natsuhi là không cười, nhưng ít nhất là, cuộc trò chuyện trong phòng khách lúc này có thể bị hiểu nhầm là thân thiện và vui vẻ."
,"Khi Shannon cuối cùng cũng dọn xong bàn trà và chuẩn bị rời đi, Kyrie khẽ xin lỗi vì không thể giúp gì cho cô."
,...Shannon cúi đầu nhẹ rồi vội vã rút lui......
,"Cô cúi mặt, đẩy xe trà dọc hành lang..."
,Bầu không khí u sầu xung quanh cô cho thấy rõ ràng cô vừa bị bắt nạt.
Kanon,"""......Đừng buồn. Chị không làm gì sai cả, chị à."""
Shannon,"""...............Em đã chứng kiến rồi à."""
Kanon,"""Đó là bổn phận của em."""
Shannon,"""........................"""
Kanon,"""Phu nhân và bà Eva đều thật đáng bị đày xuống địa ngục. ......Nhưng tệ hơn nữa là cái gã hèn nhát đó."""
,Kanon đưa ánh nhìn đầy căm ghét về phía đối diện với phòng khách.
,Trà bị chậm trễ là vì một vài sự cố trong bếp.
,"Và sự cố ấy không phải lỗi của Shannon.{n}Thực tế là, mọi thứ đều do Gohda mà ra."
,"Ngay từ đầu, một kẻ thích phô trương như Gohda thì sẽ không đời nào chịu giao lại một công việc hào nhoáng như mang trà ra đãi khách."
,"Tuy nhiên, do hắn phải pha trà lại từ đầu, cho nên việc mang ra mới bị chậm trễ."
,"Nhận ra nếu mình là người mang trà ra thì cũng chẳng được lợi lộc gì, hắn đã đẩy việc đó cho Shannon, lúc bấy giờ chỉ đang đi ngang qua bếp."
,"......Có thể gọi đó là khôn ngoan, và cũng không lạ gì nếu gọi đó là hèn nhát."
Shannon,"""......Không sao đâu, Kanon à, cảm ơn em. ...Chị thật sự không giận đâu..."""
Kanon,"""................................."""
,Sự im lặng của Kanon cho thấy rõ ràng rằng những lời của Shannon không xuất phát từ trái tim cô.
Shannon,"""............Cảm ơn em. Chỉ cần em hiểu cho thì cũng đã giúp chị thấy dễ chịu hơn một chút rồi."""
Kanon,"""......Chị giấu mọi thứ trong lòng nhiều quá. ......Hãy nhẹ nhàng với bản thân hơn đi."""
Shannon,"""Ừ. ......Cảm ơn em."""
,Bỗng cả hai cảm nhận được có người xuất hiện ở phía sau. Họ quay đầu lại.
,"Một người đàn ông lớn tuổi đang đứng đó.{n}Đó là Genji, người quản gia."
Ronoue Genji,"""..................Các cô cậu đang làm gì ở đây thế? ...Shannon, mau quay lại bếp đi."""
Shannon,"""V-vâng. ......Xin phép đi trước ạ......"""
Kanon,"""................................."""
,Shannon cúi đầu kính cẩn và đẩy xe rời đi.
,"Tuy nhiên, Kanon lặng lẽ nhìn Genji, ánh mắt mang theo điều gì đó không thể nói ra bằng lời."
Ronoue Genji,"""...............Có chuyện gì sao? Có chuyện vừa gì xảy ra à...?"""
Kanon,"""...Sha‐......Shannon không làm gì sai, nhưng mấy người đó–"""
Shannon,"""Dừng lại đi mà Kanon..."""
Shannon,"""......Xin phép ạ. Tôi sẽ quay lại làm việc ngay. Kanon à, em cũng quay về làm việc đi. ......Nhé."""
Kanon,"""............Nếu chị đã nói vậy..."""
Ronoue Genji,""".................. ...Nếu không có gì nữa, thì đi đi."""
Kanon,"""......Vâng. ......Xin phép."""
,"Từ trong bóng tối phía hành lang, một bà lão mặc tạp dề dõi theo bọn họ. Đó là bà Kumasawa..."
Kumasawa Chiyo,"......Thật đau lòng cho cô Shannon và cậu Kanon...{n}Không có lý do gì để hai người họ bị đối xử như vậy cả.{n} ...Nhưng, thật không thể phủ nhận rằng họ đã bị anh Gohda ghét bỏ rồi..."
Kumasawa Chiyo,"Trước khi vào làm cho nhà chính Ushiromiya, mình nghe nói anh ta từng làm ở một khách sạn nổi tiếng nào đó."
Kumasawa Chiyo,"Mình thầm nghĩ, tác phong làm việc ở đó thật đáng nể."
Kumasawa Chiyo,Chỉ có điều...anh Gohda là người hầu mới nhất ở đây.{n}...Chắc hẳn anh ấy có một thứ lòng kiêu hãnh được tích lũy từ công việc trước.
Kumasawa Chiyo,"Vì tuy cô Shannon và cậu Kanon là ""tiền bối"" của anh ta trong dinh thự này, nhưng họ lại non nớt về kinh nghiệm và vốn sống, cho nên anh ta cứ bắt nạt họ bất cứ lúc nào có thể..."
Kumasawa Chiyo,"Và, ...dù thật đáng buồn, họ cũng bị phu nhân Natsuhi ghét bỏ nữa..."
Kumasawa Chiyo,"Dĩ nhiên, xét về kinh nghiệm, phu nhân đã là người nhà từ lâu."
Kumasawa Chiyo,Tuy nhiên.........tôi cũng phải đồng cảm với phu nhân trong chuyện này.
Kumasawa Chiyo,...Ngài chủ nhân thật là một người tàn nhẫn...
Kumasawa Chiyo,Tại sao ông ấy lại không nhận ra rằng một phút tùy hứng của mình đã gieo vào lòng phu nhân thứ mặc cảm như vậy...
Kumasawa Chiyo,"......Tận đáy lòng, ngay cả phu nhân cũng biết mình không nên đối xử quá đáng với hai người họ..."
Kumasawa Chiyo,...Nhưng con tim có lý lẽ riêng mà lý trí không hiểu được...
Kumasawa Chiyo,"Chà, thật đau lòng quá..."
Kumasawa Chiyo,Mình cũng chẳng thể làm gì ngoài dõi theo bọn họ trong bóng tối......
