Speaker,Indonesian (IDN)
Ushiromiya Battler,"""Jadi... pada senja kesepuluh, perjalanan berakhir, dan kau mencapai Tanah Emas. Kamu benar-benar rajin, Maria. Kamu melakukan pekerjaan bagus menulis semuanya."" "
Ushiromiya Maria,"""Uu-! Aku sering lupa, jadi aku selalu menulis semuanya! Mama yang bilang begitu!"" "
,"Ada sebuah buku catatan di dalam tas tangan yang selalu dibawa Maria, dan epitaf {f:5:Beatrice} telah disalin ke dalamnya. "
,"Berkat itu, kami semua bisa menantang teka-teki epitaf sambil berjalan di pantai ini. "
,"Jessica dan yang lainnya sudah mencoba menyelesaikannya beberapa kali... dan sudah bosan dengannya. Namun, "
,"karena ini pertama kalinya bagiku, aku sangat bersemangat sampai tak bisa berhenti. "
,Benar-benar menggugah jiwa petualangku! 
Ushiromiya Battler,"""Mari kita mulai dari baris pertama. Lihatlah sungai sweetfish yang mengalir melalui kampung halamanku tercinta. Di mana kampung halaman Kakek, ya?"" "
Ushiromiya Jessica,"""Aku dengar sebelum perang, keluarga Ushiromiya punya rumah besar di dekat Odawara. Jadi kau pasti ingin tahu sungai sweetfish mana yang mengalir di Odawara, kan?"" "
Ushiromiya Battler,"""Iya, karena sungai itu akan menjadi titik awal. Siapa pun yang mencari Tanah Emas akan menyusurinya dan mencari kunci. Sungai apa yang ada di Odawara? Apakah ada sweetfish di dalamnya?"" "
Ushiromiya George,"""Kalau kau mencari sweetfish di Odawara, pasti Sungai Hayakawa. Itu terkenal untuk pancingan di aliran pegunungan."" "
Ushiromiya Maria,"""Uu-. Aku benci ikaaan."" "
Ushiromiya Battler,"""Ihihi, Maria, nanti kamu akan mengerti kalau sudah sedikit lebih besar! Jilat-jilat ikan sweetfish panggang asin! Enak! Padahal kita baru makan, aku jadi lapar lagi."" "
Shannon,"""...Umm, perlu aku ambilkan biskuit?"" "
Ushiromiya Battler,"""Hah? Oh, maaf. Bukan itu maksudku, tak usah dipikirkan!"" "
,"Shannon-chan dengan setia menemani kami, karena dia tidak punya tugas sore untuk sementara waktu. "
,"Kupikir, karena dia pelayan, menemaniku pasti membuatnya harus merawat kami dan akan melelahkan, tapi ternyata tidak baginya. "
,"...Sebaliknya, dia terlihat menikmati berbincang dengan orang-orang seumurannya. "
,"Saat aku bertanya, aku dengar bahwa dia termasuk pekerja yang mendapat kamar dan makan dari majikannya. Jadi biasanya, satu-satunya orang seumurannya adalah Jessica. "
,"Ya, aku bisa bayangkan betapa membosankannya itu. "
Ushiromiya Battler,"""Oke, jadi kita tahu bahwa sungai yang penuh sweetfish di dekat Odawara adalah Hayakawa. Kalau begitu, kita harus menelusurinya! Apakah kau akan menemukan sesuatu jika mengikuti Sungai Hayakawa?"" "
Shannon,"""Ummm, .........kalau kau mengikuti ke hilir, kau akan sampai ke laut."" "
Ushiromiya Battler,"""Tentu saja, kau akan sampai ke muara sungai! Dan baris ketiga dari epitaf berbunyi ""Saat kau menelusurinya, kau akan melihat sebuah desa."" Ngomong-ngomong, sejak lama, muara sungai merupakan titik penting transportasi, dan kota besar cenderung dibangun di sana. Itulah titik pemeriksaan berikutnya."" "
Ushiromiya George,"""Hmmmmmm. Itu teori yang cukup bagus. Seperti dugaanmu, ada kota tua yang sangat makmur sejak zaman kuno di sana. Di sanalah Kastil Odawara berada."" "
Shannon,"""Ah, kurasa aku pernah ke Kastil Odawara saat karyawisata. Itu memang kastil yang mengagumkan."" "
Ushiromiya Jessica,"""Ya, aku juga pernah ke sana. Meski aku tinggal di rumah bergaya Barat, memang benar orang Jepang merasa lebih nyaman dengan tata ruang ala Jepang!"" "
Ushiromiya Maria,"""Uu-. Kastil itu membosankan. Taman hiburan lebih menyenangkan. Uu-!"" "
Ushiromiya Battler,"""Aku mengerti, aku mengerti. Oke! Kalau kita menemukan emas, Battler-sama yang hebat akan menyewa taman hiburan untuk sehari penuh dan membiarkanmu bermain di dalamnya! "
Ushiromiya Battler,".........Tetap saja, Kastil Odawara, ya? Emas tersembunyi di Kastil Odawara... Oho?! Itu mulai terdengar cukup meyakinkan!"" "
Ushiromiya Jessica,"""Hahahahaha! Yah, kita sudah menyimpulkan sejauh itu dua tahun yang lalu. Desa di hilir sungai tempat sweetfish berenang di Odawara. Kami menyimpulkan itu mungkin di dekat Kastil Odawara. "
Ushiromiya Jessica,"Masalahnya adalah baris berikutnya. Oke, mari kita lihat sejauh mana logika anehnya Battler bisa membawanya."" "
,Jessica tersenyum lebar. Dia tampaknya menyiratkan bahwa dia sudah bisa memecahkan teka-teki ini sejak lama kalau memang semudah itu. 
,"...Sialan, aku pasti akan menemukannya dan menyimpan semuanya untuk diriku sendiri! "
Ushiromiya Battler,"""Baris keempat. ...Di desa itu, carilah pantai yang akan diberitahukan oleh dua orang. .........Aku tidak tahu apa maksudnya 'dua orang', tapi pokoknya, pantai... ......Apa maksudnya dengan pantai?! Tidak, tunggu, ...apakah ada tempat di sekitar sana dengan nama yang mengandung 'pantai' atau {ruby:kishi:{p:0:岸}}?"" "
Shannon,"""Ummm, ...aku dengar ada tempat bernama Sogakishi di Odawara."" "
Ushiromiya Battler,"""Hah?! Wow, kau tahu banyak juga ya! "
Ushiromiya Battler,"Heheh, apa artinya itu? Shannon-chan, kau juga mau memecahkan teka-teki ini dan mendapatkan emas? Berarti kita rival!"" "
Shannon,"""A-Aku bukan tertarik dengan emas... Hanya saja... George-sama pernah menceritakannya padaku sebelumnya..."" "
Ushiromiya Jessica,"""Itu karena kami mencapai kesimpulan yang sama dua tahun lalu. Kami bahkan sampai membuka peta dan mencarinya!"" "
Ushiromiya George,"""Itu sekitar lima kilometer ke utara Odawara. Kami benar-benar menemukan tempat bernama Sogakishi di sana. "
Ushiromiya George,"...Tapi, setelah itu kami buntu. Baris kelima tidak menyebutkan di mana kunci itu disembunyikan di tempat tersebut. Maria-chan, bisa tolong bacakan?"" "
Ushiromiya Maria,"""...Uu-. ......Di sana tertidur... kunci menuju... Tanah Emas. "
Ushiromiya Maria,"Uu-! Aku bisa bacaaa!"" "
Ushiromiya Jessica,"""Sogakishi kemungkinan cukup luas, dan tidak pernah ada rumah yang dibangun di sana oleh keluarga Ushiromiya. Sulit untuk menemukan kunci di area sebesar itu tanpa petunjuk apa pun."" "
Ushiromiya Battler,"""Kau benar. ...Dan tanpa kunci itu, kita tidak bisa melanjutkan ke baris berikutnya. George-aniki, seperti apa tempat Sogakishi itu?"" "
Ushiromiya George,"""Mari kita lihat... Aku belum pernah ke sana, jadi tidak terlalu tahu, tapi menurut peta, itu ada di pegunungan. Seingatku itu di kaki Gunung Asama."" "
Ushiromiya Battler,"""......Hmmmm. Ada yang terasa tidak beres. Biasanya, teka-teki yang menunjukkan jalan ke emas tersembunyi itu lebih spesifik. Aku merasa bahkan bagian tentang Sogakishi pun mungkin salah."" "
Ushiromiya Jessica,"""Yah, mungkin saja itu memang Sogakishi. Mungkin membicarakan tentang rumah yang pernah ditinggali Kakek saat kecil dan kita tidak tahu. Lagipula, baris pertama menyebutkan kampung halaman tercintanya. "
Ushiromiya Jessica,"...Shannon, kau sering menuangkan alkohol untuk Kakek, kan? Pernahkah dia bercerita tentang masa lalunya?"" "
Shannon,"""...Tuan hampir tidak pernah bicara soal masa lalunya. ...Namun, dia membicarakan Gempa Besar Kanto seolah-olah itu cerita orang lain, jadi mungkin saat itu dia tinggal jauh dari wilayah Kanto."" "
Ushiromiya George,"""Keluarga Ushiromiya mungkin tinggal di Odawara, tapi tidak semua cabang keluarga tinggal di sana. ""Kakek sering menyebut dirinya sebagai bagian dari cabang dari keluarga cabang, yang paling jauh dari penerus utama."" "
Ushiromiya Battler,"""Dan itu berarti... kampung halaman tercinta itu mungkin bukan Odawara sama sekali...!"" "
Ushiromiya Jessica,"""Aku tidak pernah dengar soal kampung halaman Kakek. Dan kurasa dia tidak akan benar-benar jawab kalau aku tanya."" "
Ushiromiya George,"""Kalau yang disebut kampung halaman tercinta itu bukan merujuk pada asal keluarga Ushiromiya, maka teori Odawara salah sejak awal. Tentu saja, ini tidak sepenuhnya menghilangkan kemungkinan Sogakishi. Misalnya, mungkin dia memang tinggal di Odawara saat kecil, lalu pindah jauh setelahnya."" "
Ushiromiya Maria,"""Uu-... Aku tidak mengerti apa yang kalian bicarakan. Uu-."" "
,"Maria benar-benar tersisih dari pembicaraan, dan sekarang duduk dengan pipi mengembung karena bosan. "
Ushiromiya Battler,"""Jadi, pada dasarnya, kalau kita bahkan tidak bisa sepakat soal titik awal dari permainan dadu emas ini, kita benar-benar buntu. "
Ushiromiya Battler,".........Tapi tunggu... Setelah lima baris pertama, yang kita temukan adalah kunci, kan? Meski kau tidak punya kunci, tetap saja kau bisa mendobrak pintu. Kenapa kita tidak lewati saja lima baris pertama dan mulai mencoba menyelesaikan sisanya?"" "
Ushiromiya Jessica,"""Ooh... Aku belum memikirkan itu. "
Ushiromiya Jessica,"Yah, kita toh cuma membuang-buang waktu. Mari kita dengar sisa logika anehnya Battler!"" "
Shannon,"""...Tapi di bagian berikutnya, suasananya langsung jadi gelap..."" "
,Shannon-chan mengerutkan kening sedikit. 
,"Setelah kembali melihat ke buku catatan Maria untuk mengingat apa yang tertulis di sana, ...ya, aku pun terpaksa setuju. "
Ushiromiya Battler,"""Pada senja pertama, persembahkan enam orang yang dipilih oleh kunci sebagai korban... Langsung mengerikan."" "
Ushiromiya Jessica,"""Pada senja kedua, tertulis untuk mencabik dua yang saling dekat. Apa itu artinya memisahkan pasangan yang saling mencintai? Atau benar-benar mencabik mereka? Aku tidak tahu, tapi dua-duanya menjijikkan."" "
Ushiromiya George,"""Bahkan kalau kita abaikan baris kedua, disebutkan 6 orang di senja pertama, lalu 5 orang dari senja keempat hingga kedelapan, berarti minimal 11 orang harus dikorbankan."" "
Ushiromiya Maria,"""Uu-. Mereka adalah korban untuk membangkitkan {f:5:Beatrice}!"" "
Ushiromiya Battler,"""...Aku mengerti, pengorbanan untuk menghidupkan kembali sang penyihir... Ya, itu pasti maksudnya. Menjelang akhir, penyihir akan dibangkitkan di senja kesembilan... ...Bagian terakhir itu sudah pasti."" "
Shannon,""".........Pada senja kesembilan, penyihir akan hidup kembali, dan tak ada seorang pun yang tersisa hidup. ...Berarti semua orang mati pada akhirnya."" "
Ushiromiya Jessica,"""Dan setelah itu, senja kesepuluh adalah garis akhir. Nggak yakin bagaimana seseorang bisa mencapai Tanah Emas kalau semua orang sudah mati waktu itu."" "
Ushiromiya George,"""...Tergantung bagaimana kau menafsirkannya, si pelancong yang memegang kunci bisa jadi termasuk atau tidak termasuk dalam 'tak ada yang tersisa hidup'."" "
Ushiromiya Battler,"""Tapi di bagian akhir, ada sesuatu yang cukup menarik. Setelah mencapai garis akhir, penyihir memberikan empat harta. Satu adalah seluruh emas. Masalahnya ada di yang berikutnya. Katanya jiwa-jiwa yang telah mati akan dibangkitkan kembali, kan? Bukankah itu terdengar seperti semua yang mati sebelumnya akan hidup kembali?"" "
Shannon,"""......Kalau kau menaruhnya begitu, maka bagian tentang menghidupkan cinta yang hilang mungkin merujuk pada pasangan yang terpisah di senja kedua."" "
Ushiromiya George,"""Benar. Dan yang keempat merujuk pada senja kesembilan. Harta keempat adalah menidurkan penyihir yang telah dibangkitkan di senja kesembilan."" "
Ushiromiya Jessica,"""Kalau kita melihat semuanya dengan sudut pandang positif, meskipun penuh dengan kematian dan perpisahan, semuanya akan diperbaiki pada akhirnya. Penyihir yang terbangun akan kembali tertidur, ...dan segalanya kembali seperti semula, hanya saja dengan tumpukan emas besar."" "
Ushiromiya Battler,"""Sang penyihir pasti sangat sibuk, membunuh, menghidupkan, memisahkan, dan menyatukan orang."" "
Ushiromiya Jessica,"""Belum lagi harus bangun dan tidur lagi. Hahahahaha."" "
Ushiromiya Battler,"""Ck, tepat saat kisah emas tersembunyi mulai menarik, semuanya jadi meragukan begitu penyihir muncul."" "
Ushiromiya Jessica,"""Bener banget. Ahahahahahaha!"" "
,"Aku tertawa bersama Jessica. Lagi pula, ide tentang penyihir itu terlalu konyol. "
,"...Tentu saja, begitu kami mulai tertawa seperti itu, Maria, yang percaya pada penyihir, jadi marah. "
Ushiromiya Maria,"""Uu-! Sang penyihir itu luar biasa! Dia bisa melakukan apa saja dengan sihir! Bisa membunuh. Bisa menghidupkan kembali. Bisa memberi cinta, bisa mengambilnya. "
Ushiromiya Maria,"Dia bisa terbang di langit, bisa jadi tak terlihat, bisa menciptakan emas dan roti dari ketiadaan! Uu-! Uu-! Uu-uu-uu-!!"" "
Ushiromiya Jessica,"""Erk, aduh... Maaf, ...kami hanya bercanda!"" "
,"Jessica minta maaf sambil menjulurkan lidah, tapi Maria tak menerimanya. "
,"Dia merebut kembali buku catatannya dari tanganku dan, membuka ke beberapa halaman lain, mencoba membuktikan bahwa penyihir itu benar-benar ada. "
,Halaman-halaman itu penuh dengan gambar penyihir berwarna-warni... dan menggambarkan dengan baik citra fantasi penyihir dalam benak Maria. 
,"Bukan gambaran seram penyihir berhidung bengkok yang terbang di atas sapu, tapi sosok seperti mimpi dengan kekuatan gaib, mengenakan gaun indah dan mampu melakukan apa saja. Itulah yang diharapkan dari seorang gadis kecil yang penuh imajinasi. "
,"Melayang di langit, menyeberangi pelangi, menari sepanjang malam bersama cangkir teh dan teko yang tak akan pernah habis walau dituangkan terus. "
,"Dengan sekali ayunan tongkatnya, bintang-bintang di langit akan menjadi permen dan berjatuhan, dan bunga-bunga yang mengeluarkan manisan akan tumbuh di pinggir jalan. "
,"......Bagi Maria, penyihir adalah satu-satunya konsep yang bisa mewakili mimpi ajaib yang begitu mempesonanya. "
,"Seiring bertambahnya usia, itu adalah satu-satunya hal yang masih bisa memberikan warna pada kehidupan sehari-harinya yang datar dan membosankan. "
,Itulah mengapa Maria percaya pada penyihir. 
,"Dia tidak ingin mimpinya ternoda. Itulah mengapa dia tidak ingin siapa pun menodai epitaf itu, "
,yang mengafirmasi keberadaan penyihir. 
Ushiromiya George,"Karena penyihir bernama {f:5:Beatrice} adalah mimpi milik Maria... ""Bagi Maria-chan, epitaf itu bukanlah petunjuk menuju emas tersembunyi, "
,"melainkan sihir untuk membangkitkan kembali sang penyihir."" Jadi itu adalah satu-satunya ikatan antara Maria dan penyihir. "
,Maria sangat marah dan memeluk George-aniki erat-erat. 
,Jessica dan aku menggaruk kepala kami dan meminta maaf. 
,...Mungkin kali ini tidak akan semudah menenangkan Maria seperti saat dia marah di depan lukisan. 
,"Maria tampak tak ingin begitu saja dihibur. Berbeda dengan Jessica dan aku yang hanya bisa tertunduk bingung, Shannon-chan perlahan membuka mulutnya. "
Shannon,"""Umm, .........Maria-sama, apakah anda tahu...? Ada cerita hantu tentang {f:5:Beatrice} yang turun-temurun dikisahkan di kalangan para pelayan."" "
Ushiromiya Maria,"""......Uu-?"" "
Ushiromiya Jessica,"""A-Ah, iya, benar juga! Shannon, ceritakan pada kami. Aku juga nggak tahu pasti, tapi konon itu cukup terkenal di antara para pelayan."" "
Ushiromiya Battler,"""Apa ini? Cerita hantu?"" "
Ushiromiya George,"""Ya. Katanya cerita ini sudah ada sejak sebelum kita lahir. Aku juga dengar dari ibuku."" "
Shannon,"""...Benar. Cerita ini sudah ada sejak masa pembangunan mansion ini. ...Para pelayan zaman itu berbisik bahwa mansion ini punya dua Tuan, "
,"satu di Siang hari dan satu di Malam hari."" Kisah yang diceritakan Shannon seperti cerita hantu yang biasa diceritakan di perkemahan. "
,"Jika ada hutan tempat penyihir tinggal, ...tentu saja sang penyihir kadang-kadang akan mengunjungi mansion. "
,"Pada satu titik, cerita hantu seperti ini muncul begitu saja di antara para pelayan. "
Shannon,"""Saat melakukan pemeriksaan kedua terhadap pintu dan jendela yang seharusnya sudah dikunci, kadang ditemukan terbuka. Lampu yang seharusnya mati malah menyala, dan lampu yang seharusnya menyala jadi mati. Barang-barang yang sebelumnya ada bisa tiba-tiba hilang, dan barang-barang muncul di tempat yang tidak ada orang yang ingat menaruhnya. "
Shannon,"Saat kejadian-kejadian seperti ini terjadi, pelayan-pelayan lama akan berkata bahwa penyihir telah datang mengunjungi mansion secara tak terlihat dan sedang bermain-main."" "
Ushiromiya Maria,"""Uu-! Lihat kan, dia ada! {f:5:Beatrice} itu benar-benar ada!!"" "
Ushiromiya Jessica,"""Ya, dia ada. Dulu, pas aku kecil, setiap mau berangkat sekolah selalu nggak bisa nemuin tas, gitu..."" "
,Maria membusungkan dadanya dengan “uu-uu-” seolah itu bukti pamungkas keberadaan penyihir. 
,"Kalau aku buka mulut sekarang, Maria pasti sakit hati lagi, jadi aku diam saja. "
,"...Yah, cerita kayak begini kan ada di mana-mana. "
,"Tergantung tempatnya saja, kadang mereka menyalahkan kurcaci atau peri. Satu-satunya perbedaan adalah di pulau ini disebut penyihir. "
,"Tentu saja, berjalan sendirian di mansion mewah dan luas saat malam bisa cukup menyeramkan. "
,"Pulau ini pun sepi dari manusia. Mansion-nya besar dan berangin, kalau malam hari hujan petir pasti suasananya menyeramkan. "
Shannon,"""Selain itu, beberapa pelayan juga pernah melihat api hantu dan kupu-kupu berkilauan menari-nari. ...Kanon-kun juga pernah melihat sesuatu seperti itu saat dia patroli malam. "
Shannon,"Dan akhir-akhir ini, para pelayan sering bicara tentang suara langkah kaki aneh yang terdengar di dalam mansion sekitar tengah malam. Kami berbisik bahwa {f:5:Beatrice}-sama dari potret itu kadang membuat dirinya tak terlihat dan berjalan keliling mansion. "
Shannon,"...Itu terjadi beberapa waktu lalu, tapi aku sendiri juga pernah mendengar langkah kaki saat patroli malam yang mirip dengan cerita ini."" "
Ushiromiya Battler,"""......Whew. Seram juga ya..."" "
Shannon,"""Ah, ...tapi tidak ada yang perlu ditakuti. {f:5:Beatrice}-sama adalah penguasa lain dari mansion ini, terpisah dari Tuan besar. Jadi, tidak perlu takut secara berlebihan. Kalau anda menghormatinya, katanya dia tidak akan melakukan hal buruk."" "
Ushiromiya George,"""Namun, dia bisa sangat menyeramkan kalau kamu tidak menghormatinya, kan?"" "
Shannon,"""...Benar. Aku pernah dengar, sebelum aku mulai bekerja di sini, ada seseorang yang bicara buruk tentang {f:5:Beatrice}-sama dan jatuh dari tangga lalu berhenti bekerja setelah mengalami luka parah di punggungnya. Karena itu, ada rumor di antara pelayan bahwa kemarahan {f:5:Beatrice}-sama telah menimpa orang itu..."" "
Ushiromiya Maria,"""Uu-... Battler dan Jessica pasti akan kena marah... Uu-..."" "
Ushiromiya Battler,"""A-A-Aku minta maaf! Aku tidak mau kena marah! Aku minta maaf, Maria. Tentu saja aku juga minta maaf pada penyihir. Maaf, {f:5:Beatrice}-sama. Tolong ampuni omongan konyol dari orang luar."" "
Ushiromiya Jessica,"""Aku juga minta maaf. Maaf, {f:5:Beatrice}-sama. .........Apakah penyihir bisa memaafkan kami sekarang?"" "
Ushiromiya Maria,"""...Uu-. Tidak tahu. Penyihir itu suka berubah-ubah, jadi kadang memaafkan kalau ingin, kadang tidak. Uu- "" "
Ushiromiya George,"""Itu tidak bagus... Maria-chan, apa ada jimat keberuntungan yang bisa mencegah Battler-kun dan Jessica-chan dari murka {f:5:Beatrice}-sama? Mungkin sesuatu yang bisa menangkal sihir?"" "
,"Dengan mengandalkan Maria, yang bangga karena paling tahu soal penyihir, George berusaha mengembalikan rasa percaya dirinya. "
,"...Sekali lagi, aku harus mengakui kemampuannya menenangkan anak kecil. "
,"Setelah beberapa saat menyilangkan tangan dan merenung serius apakah ada jimat yang bisa menyelamatkan kami, dia mulai membolak-balik halaman buku catatannya. "
,"Kupikir itu hanya buku harian coret-coretan, ......tapi ternyata ada cukup banyak halaman yang terlihat seperti dari buku sihir hitam. "
,"Maria dengan khidmat menatap kumpulan halaman itu, yang berisi lingkaran-lingkaran sihir. "
,.........Ternyata bukan hanya Kakek yang hobi dengan sihir hitam. 
,"Ketika Maria akhirnya menemukan apa yang dia cari, dia menutup buku catatannya dan memasukkannya ke dalam tas. Lalu dia mulai mengobrak-abrik isi tas tersebut. "
,Tampaknya ada berbagai macam benda campur aduk di sana. 
,"Setelah beberapa saat, dia mengeluarkan berbagai barang aneh—meski mungkin itu benda penting bagi Maria— dan berulang kali memasukkannya kembali sambil bilang itu bukan yang dia cari. "
,"Semua itu agak lucu, seperti saat Doraemon mengeluarkan alat yang salah. "
,"Akhirnya, dia tampak menemukan apa yang dia cari. "
,"Dengan wajah yang jauh lebih ceria dibanding ekspresi seriusnya barusan, dia mengulurkan ""benda itu"" kepada Jessica dan aku. "
Ushiromiya Maria,"""Uu-!"" "
,Aku mengambilnya... dan melihat bahwa itu adalah jimat yang terlihat sangat murah. 
,"Bentuknya seperti gelang dari rosario plastik, ...dengan medali bergambar kalajengking. "
,Pernah lihat aksesori murah bertema zodiak seperti itu? 
,Yang biasanya kau dapat dari mesin capit di arcade. Benda ini benar-benar seperti itu. 
,Ada dua buah. Mungkin satu untukku dan satu untuk Jessica. 
,"...Namun, kenyataan bahwa ada dua malah makin menegaskan kesan barang massal, dan agak sulit membayangkannya sebagai benda sihir sungguhan. "
Ushiromiya Jessica,"""Kamu memberikan ini pada aku dan Battler?"" "
Ushiromiya Maria,"""Uu-! Dengan jimat ini, kau tak perlu takut pada {f:5:Beatrice}! Karena kalajengking punya kekuatan untuk menangkal sihir!"" "
Ushiromiya Battler,"""Hah, sungguh? Aku baru tahu kalajengking bisa begitu."" "
Ushiromiya Maria,"""Uu-, Battler tidak percaya! Uu-uu-uu-!"" "
,Aku kebanyakan ngomong dan membuat Maria marah lagi... 
,"Maria mengeluarkan buku catatannya lagi, menunjukkan berbagai halaman sambil menjelaskan panjang lebar tentang kekuatan suci kalajengking yang telah digunakan dalam lingkaran sihir pelindung sejak zaman dahulu. "
Shannon,"""......Ah, aku pernah dengar dari beberapa pelayan muda. Katanya kalajengking memang sering digambar sebagai simbol penangkal sihir dalam ilmu sihir..."" "
Ushiromiya Jessica,"""Hah, sungguh...!"" "
Ushiromiya Maria,"""Uu-! Kalajengking melindungi dari sihir jahat dan bencana. Dan zamrud membawa kedamaian dalam hati. Jadi, efeknya dua kali lipat! Uu-!"" "
Ushiromiya George,"""Itu benar. Kalajengking melingkari zamrud dan menjaganya. Ya, itu terdengar seperti kombinasi yang ampuh."" "
,"Aku benar-benar ingin menertawakan jimat yang terlihat tidak berharga itu, tapi saat kulihat Maria menjelaskannya dengan sepenuh hati dan menyadari bahwa dia menemukannya demi kami, aku mulai merasa benda itu mungkin benar-benar manjur, meski cuma hadiah dari game center. "
,Bahan pembuat jimat itu tak penting. Yang penting adalah ketulusan perasaannya. Bahkan aku pun bukan tipe orang yang sebegitu buruknya sampai menertawakan hal seperti itu. 
Ushiromiya Battler,"""Oke, terima kasih. Aku sudah minta maaf pada {f:5:Beatrice}-sama, tapi meskipun aku akhirnya kena kutuk, aku akan selamat berkat jimat Maria. Benar begitu, Jessica?"" "
Ushiromiya Jessica,"""Ya, betul! Terima kasih, Maria."" "
Ushiromiya Maria,"""Uu-! Pakai di tangan saat ingin ketenangan hati. Masukkan ke dompet supaya uang tidak cepat habis! Gantung di gagang pintu supaya hal buruk tidak bisa masuk! Ini jimat yang sangat praktis!"" "
Shannon,"""Wah, efeknya luar biasa. Kalau sudah mendapat cap persetujuan Maria-sama, pastinya bisa diandalkan."" "
,"Shannon-chan bertepuk tangan, dan Maria membusungkan dadanya. "
,Dia benar-benar dalam suasana hati yang bagus lagi. 
,"Sepertinya akan lebih baik kalau kami biarkan dia memimpin percakapan sedikit lebih lama, demi menjaga suasana hati baiknya itu. "
,"Ngomong-ngomong, dia tampak agak bosan waktu kami sibuk membahas emas tersembunyi, mungkin karena dia tak bisa ikut terlibat. "
,"Sambil menikmati kue kering buatan Kumasawa-san, Jessica dan aku bertanya ini-itu tentang sihir hitam pada Maria. "
,Maria menjawab dengan gembira setiap pertanyaan kami. 
,"Setiap kali, George-aniki dan Shannon-chan akan pura-pura terkejut atau ikut menimpali. "
,"Awan di langit semakin gelap, tapi kami para sepupu benar-benar menikmati komunikasi bebas setelah setahun berpisah... "
Ushiromiya George,"""...Nn? Tadi aku merasa ada titik air di dahiku?"" "
Ushiromiya Battler,"""Hah? Entahlah."" "
,George-aniki mengusap dahinya sambil melihat ke langit. 
,"Melihat warna langit dan kelembapan udara, memang tak aneh kalau setetes hujan jatuh. "
,Angin juga tampaknya mulai bertiup agak lebih kencang. 
Ushiromiya Maria,"""Uu-? Aku tidak merasakannya. Hanya aku saja yang tidak. Uu-!"" "
Ushiromiya Battler,"""Tenang saja, aku juga tidak. Lagipula, malam ini pasti bakal hujan deras, jadi semua juga bakal kebagian tetes hujan."" "
Ushiromiya George,"""Benar juga. Mungkin kita sebaiknya segera kembali..."" "
,Shannon-chan melihat ke arlojinya. Mungkin sekarang memang sudah cukup sore. 
Ushiromiya Jessica,"""Apa waktumu untuk kembali kerja sudah tiba?"" "
Shannon,"""Ya. ...Terima kasih banyak... karena telah mengizinkan aku menikmati waktu bersama kalian."" "
Ushiromiya George,"""Sampaikan terima kasih pada Kumasawa-san untuk kue-kuenya. Oke semuanya, bantu beres-beres ya."" "
,"Shannon-chan menolak bantuan kami, katanya ini tugas seorang pelayan, tapi buatku, mengambil garpu jatuh sebelum pelayan harus melakukannya adalah tujuan hidup. "
,"Kami melipat selimut, mengumpulkan sampah, dan membantu membersihkan semuanya. "
Ushiromiya Maria,"""Uu-! Sampahnya terbaawa aaanngin! Uu-uu-!!"" "
Ushiromiya Battler,"""Tidak akan kubiarkan kabur, aku akan ambil sebelum Maria sempat!"" "
Ushiromiya Maria,"""Uu-!! Aku yang akan ambil! Uu-uu-uu-!"" "
Ushiromiya Jessica,"""Maria! Jangan sampai sepatumu basah, nanti dimarahi lho!"" "
,"Bagi Maria, mengejar sampah yang terbang ditiup angin kencang hanyalah permainan lain. "
,"Saat kami selesai, angin sudah bertiup cukup kencang. "
,Mungkin sudah waktunya kembali.    
Shannon,"""Kalian semua sudah banyak membantu. Terima kasih banyak."" "
Ushiromiya George,"""...Sepertinya waktumu benar-benar sudah habis. Tak apa kalau kau kembali duluan."" "
,George-aniki menyadari dari sikapnya yang tergesa bahwa waktu bebasnya hampir habis. 
Ushiromiya Jessica,"""Genji-san sangat ketat soal waktu. Kalau kau tidak muncul di tempat yang seharusnya tepat waktu, bisa-bisa dia akan marah."" "
Ushiromiya George,"""Sampai nanti. Semangat dengan pekerjaanmu."" "
Shannon,"""Y-Ya! ......Kalau begitu, mohon permisi."" "
,"Setelah membungkuk dengan hormat, Shannon-chan berlari ke arah taman mawar. "
Ushiromiya Battler,"""Oke, ayo kita kembali ke rumah tamu. Kita bisa nonton TV atau santai-santai sebentar."" "
Ushiromiya Maria,"""Uu-! Mau nonton TV! Mau nonton TV, uu-!"" "
Ushiromiya Jessica,"""Kalau begitu sudah diputuskan. Ayo kita semua kembali dan nonton TV bareng."" "
,"Maria, yang belum puas bermain, langsung setuju begitu TV disebut. "
,Kami menaiki anak tangga landai dan kembali ke taman mawar. 
,"Angin sudah bertiup sangat kencang, dan mawar-mawar bergoyang di seluruh taman seperti riak di permukaan air. "
,Mungkin ini kesempatan terakhir kami melihat mawar-mawar yang indah ini... Kukira topan malam ini akan merusaknya... 
Ushiromiya Battler,"""Mawar-mawar ini mungkin akan rusak oleh angin malam ini."" "
Ushiromiya Jessica,"""Kau benar. Tapi kurasa mawar-mawar ini cukup beruntung. Karena mereka bisa menyambut kalian semua sebelum topan datang."" "
Ushiromiya George,"""Semua bunga pada akhirnya akan gugur. Tapi itu justru membuat kita lebih bisa mengagumi saat mereka sedang mekar."" "
Ushiromiya Battler,"""Benar juga. ...Maria, simpan gambar ini baik-baik dalam ingatanmu. Saat ini, mereka adalah mawar terbaik tahun ini."" "
Ushiromiya Maria,"""Uu-. Sudah tersimpan di mata."" "
,"Saat itu, Maria tiba-tiba bertepuk tangan. Sepertinya dia baru ingat sesuatu. "
Ushiromiya Maria,"""......Mawarku... Topan akan menerbangkannya. ......Uu-!"" "
Ushiromiya Battler,"""Oh, maksudmu mawar yang kelihatan sedih yang diberi pita oleh George-aniki?"" "
,Maria sepertinya ingat di mana mawar itu berada. 
,Dia berlari secepat kilat. Kami semua mengikutinya. 
Ushiromiya Maria,"""............Uu-? Uu-."" "
Ushiromiya Jessica,"""Tadi di mana ya...? Kurasa di sekitar sini."" "
,"Kami mencari ke segala arah di area itu, tapi itu hanya satu bunga di antara semua mawar ini. "
,"Meski kami tahu itu di sekitar sini, kami tidak berhasil menemukannya. "
,Angin dari barisan depan topan membuat mawar-mawar di taman bergoyang. Rasanya seperti angin itu mengejek kami dengan menyembunyikan lokasi mawar Maria... 
Ushiromiya George,"""Mungkin bukan di sini... Ayo kita berpencar sedikit untuk mencari."" "
Ushiromiya Battler,"""Kedengarannya bagus. Kita andalkan jumlah."" "
Ushiromiya Battler,""".........Hmm? Kenapa Maria?"" "
,"Saat kami hendak berpencar dan mencari, Maria menarik jaketku dengan wajah tidak senang. "
,......Kau bisa tahu dia tidak ingin kami meninggalkan tempat itu. 
Ushiromiya Battler,"""Ada apa? Kenapa?"" "
Ushiromiya Maria,"""......Uu-. Mawarku ada di sini. Di sini...!"" "
Ushiromiya Jessica,"""Tapi nyatanya nggak ada, kan...? Mungkin di sisi lain petak bunga. Kalau kita semua cari, pasti ketemu cepat, oke?"" "
Ushiromiya Maria,"""Uu-!! Di sini! Mawarku ada di sini!! Cari! Caaarii!! Uuu--!!"" "
,Maria menghentakkan kakinya dengan kesal. 
,"...Dia menunjuk ke tempat itu dan bilang itu pasti di sana, tapi nyatanya tidak ada. "
,"Meski begitu, Maria marah saat kami bilang akan mencari di tempat lain. "
,...Kami benar-benar bingung harus bagaimana. 
,"Untuk sementara, kami tetap berada di dekat Maria dan pura-pura mencari di petak mawar itu. "
Ushiromiya Maria,"""......Uu-. Uu-...! Tidak ada di sini. ......Tidak ada! Tidak ada! Uuu--!!"" "
,"Mungkin maksudnya, harusnya ada di sini tapi ternyata tidak ada. Maria makin lama makin kesal... "
Ushiromiya Battler,"""...Aduh, Maria benar-benar mulai tantrum."" "
Ushiromiya Jessica,"""Kadang, Maria bisa sangat terpaku pada hal-hal kecil banget. Kalau keinginannya terpenuhi, nggak apa-apa sih, tapi..."" "
Ushiromiya George,"""Kita nggak bisa nemuin sesuatu yang memang nggak ada... Itu masalahnya...""    "
,"Tepat saat kami kehabisan akal, Maria memanggil dengan suara keras. "
Ushiromiya Maria,"""Mama!! Uu-uu-!!"" "
,Kami bisa melihat Bibi Rosa di arah tempat Maria melambaikan tangan. 
,"Mungkin dia ingin melihat taman mawar sekali lagi sebelum topan datang, atau mungkin ada urusan ke rumah tamu. "
,Bibi Rosa datang dari arah mansion. Dia segera menyadari suara putrinya dan mendekat. 
Ushiromiya Rosa,"""Wah, ada apa ini, semuanya? Kalian sedang mencari sesuatu?"" "
Ushiromiya Maria,"""Cari itu! Mama, bantu cari mawarku juga! Uu-uu-uu-!!"" "
Ushiromiya Rosa,"""Mawarmu?"" "
Ushiromiya George,"""Kami menemukan mawar yang kelihatan lemah di sekitar sini dan menandainya."" "
Ushiromiya Battler,"""Kami mengikat bungkus permen di tangkainya. ...Tapi Maria, kalau tidak salah, itu tumbuh tepat di depan dan sangat mencolok, kan? Kecuali mawar itu punya kaki dan lari ke mana-mana, pasti letaknya di tempat lain. Mungkin kamu salah ingat."" "
Ushiromiya Maria,"""Uu-!! Itu ada di sini!! Adaa diii siiinii!! Battler nggak percaya! Uu-uu-!!"" "
Ushiromiya Rosa,"""Berapa kali Mama harus bilang berhenti bilang 'uu-uu' supaya kau paham?! Mama akan bantu cari, jadi diam dulu!!"" "
,"Aku belum pernah melihat Bibi Rosa selain sebagai sosok lembut dan baik, jadi amarahnya sedikit mengejutkanku. "
,"Bibi Rosa mulai ikut mencari, jadi untuk sementara kami ikut bersamanya, tapi kami sudah cukup yakin bahwa mawar itu tidak ada di sekitar sini. "
,"...Jadi, tak lama kemudian Bibi Rosa pun menyadarinya. "
Ushiromiya Rosa,"""Mawarnya nggak ada. Apa kamu salah tempat? Ada begitu banyak mawar di sini—"" "
Ushiromiya Maria,"""Uu-!! Uuuu---!!! Itu salah!! Ada di sini!! Mama nggak percaya! Uu-uu-uu-!!!"" "
Ushiromiya Rosa,"""Mama sudah percaya dan sudah cari dengan sungguh-sungguh, kan?! Tapi memang nggak ada!"" "
Ushiromiya Maria,"""Uu-uu-!! Tapi ADA di sini!! Ada tapi nggak ADA!! Uu-uu-uu-!!"" "
Ushiromiya Rosa,"""Kalau begitu pasti ada yang mencabutnya! Pokoknya berhenti bilang 'uu-uu'!!"" "
Ushiromiya Maria,"""Uu-uu-uu-!! Siapa yang cabut mawarku, siapa?! Kembalikan, kembalikan!! Uu-uu-!! Uu-uu-uu-uu-!!!"" "
Ushiromiya Rosa,"""Mana Mama tahu?!! Berhenti, BERHENTI bilang 'uu-uu'!!"" "
,"Bibi Rosa menampar pipi kiri Maria dengan telapak tangannya. Saat itu juga, Maria terdiam karena kaget. "
,"Tentu saja, hanya sesaat. Begitu Maria menyadari bahwa keinginannya ditolak, dia mulai menangis lebih keras. "
Ushiromiya Maria,"""Uu-uu-!! Uu-uu-uu-!! Mawarku! Mawarku!! Uu-uu-uu-uu-uu-uu-uu-!!!"" "
Ushiromiya Rosa,"""Sudah Mama bilang berhenti kebiasaan aneh itu, kan?!! Makanya semua anak di kelas mengejekmu!! Hentikan!!"" "
,"Untuk kedua kalinya, telapak tangannya mendarat di pipi Maria. "
,Kali ini dia tidak diam. Dia tercekat dan mulai menangis... dan semakin keras lagi... 
,Bibi Rosa jelas sangat kesal dan mengangkat tangannya sekali lagi untuk mencoba membuat putrinya diam... 
Ushiromiya Battler,"""T-Bibi Rosa... Yah, yah... Dia masih anak kecil, jadi nggak usah terlalu keras... ihihi."" "
,"Aku mencoba menyela dengan senyum pahit, sambil menggosok-gosok tanganku, ...tapi Bibi Rosa menatapku dengan wajah serius, dan aku sadar seharusnya aku tidak ikut campur. "
Ushiromiya Rosa,"""Maaf, tapi bisakah kalian kembali ke kamar dulu sebentar? Aku perlu bicara sedikit dengan Maria."" "
Ushiromiya Maria,"""Uu-uu-uu-!! Nggak ada yang percaya sama mawarku!! Padahal tadi di sini!! Uu-uu-!! Cari! Caaarii!! Di sini, ada di sini!! Uu-uu-uu-uu-!!!"" "
Ushiromiya Rosa,"""Tapi memang nggak ada!! Berarti kau pasti salah tempat, kan?!"" "
Ushiromiya Maria,"""Uu-uu-uu-uu-!! ADA di sini!! Pasti ADA!! Uu-uu-uu-!!"" "
Ushiromiya Rosa,"""Kalau begitu sudah HILANG!! Lepaskan!!"" "
Ushiromiya Maria,"""Kenapaaa?! Kenapa bisa hilang? Kenapa, kenapaaa?! Uu-uu-uu-!!!"" "
Ushiromiya Rosa,"""Mama juga nggak tahu!! Jadi BERHENTI bilang 'uu-uu'!!"" "
,"Bibi Rosa sekali lagi mengangkat tangannya karena emosinya, dan menampar pipi Maria. Tamparan itu cukup kuat hingga membuat Maria terjatuh. "
Ushiromiya Battler,"""H-Hey, Bibi Rosa, meski dia anakmu, kekerasan bukan solusinya..."" "
,"Aku berdiri di antara mereka untuk melindungi Maria yang masih terjatuh, menangis ""uu-uu"". "
,"......Aku tahu bahwa sebagai orang luar, masalah antara orang tua dan anak bukan urusanku. Tapi aku tidak dibesarkan untuk cuma diam menyaksikan hal seperti ini... "
Ushiromiya Rosa,"""Kau nggak merasa itu aneh, Battler-kun? Apa ada anak perempuan di sekolahmu yang ngomong 'uu-uu'?"" "
Ushiromiya Battler,"""Yah, aku kan udah SMA... Tapi buat anak SD sih, aku rasa ngomong 'uu-uu' itu masih lucu..."" "
Ushiromiya Rosa,"""Lucu? Ngomong 'uu-uu' itu lucu? LUCU?!"" "
,Kata-kataku yang ceroboh tampaknya menyulut amarah Bibi Rosa. Dia menarik kerah bajuku dengan ekspresi yang sangat menakutkan... 
Ushiromiya Rosa,"""Jangan ngomong sembarangan!! Kau tahu nggak umur Maria berapa? Dia sembilan tahun! Kelas empat SD! Bukan anak TK! Tapi dia masih ngomong kayak gitu di kelas!! "
Ushiromiya Rosa,"Kau tidak ngerti?! Kau tahu tidak apa yang mereka katakan saat mengejek anak ini?! Gara-gara kebiasaan aneh ini, dia belum punya satu pun teman! Jangan tutup mata dari kenyataan dan sembarangan bilang Maria itu lucu!! Pikirkan masa depan anak ini dengan serius!!!"" "
Ushiromiya Maria,"""Uu-uu-uu-uu-uu-!!! Uu-uu-uu-uu-uu-uu-!!!"" "
Ushiromiya Rosa,"""Mama sudah bilang, BERHENTI BILANG SUARA ITU!!! Udah Mama bilang BERHENTI kan?!!"" "
,"Bibi Rosa memukul kepala Maria yang gemetar, dari mana suara tak bahagia itu keluar semakin keras. "
,"Aku mencoba menghentikannya, tapi Bibi Rosa mendorongku... "
,Punggungku menabrak George-aniki. 
Ushiromiya George,"""......Dulu, Bibi Rosa juga menganggap itu hanya kebiasaan bayi Maria, ...tapi sekarang sudah kelas empat dan belum hilang, dia jadi sangat khawatir..."" "
Ushiromiya Battler,"""Cara ngomong itu sebenarnya nggak sepenting itu, kan...?"" "
Ushiromiya George,"""Dia nggak akan bisa menjalani hidup dewasa dengan baik kalau tetap seperti ini. ...Jadi, meski menyakitkan dilihat, ......ini memang masalah antara orang tua dan anak."" "
Ushiromiya Jessica,""".........Yah, aku juga sering dimarahin Mama soal cara ngomongku."" "
,"Kalau dilihat dari sisi itu, mungkin adegan sesakit ini pun bukan hal yang bisa dicampuri oleh orang luar... "
Ushiromiya George,"""Battler-kun, waktu kau kecil, kau pernah punya kebiasaan buruk yang susah dihilangkan dan bikin kau dimarahi?"" "
Ushiromiya Battler,"""......Yah, satu dua sih. Pernah waktu Hari Orang Tua, aku dimarahin di depan semua orang, dan itu sangat memalukan."" "
Ushiromiya George,"""Kalau begitu, kau pasti bisa mengerti perasaan mereka berdua sekarang. ......Aku yakin mereka juga nggak mau kita ada di sini saat ini. ......Jessica-chan juga mengerti, kan?"" "
Ushiromiya Jessica,""".........Nggak ada yang mau dilihat orang lain saat sedang dimarahi."" "
Ushiromiya George,"""Ayo kita pergi. Kita kembali ke rumah tamu. Lalu, saat Maria-chan kembali, kita sambut dia seperti nggak ada yang terjadi. Mungkin itu yang terbaik, kan?"" "
,"Kami pikir pendapat George-aniki itu memang masuk akal, dan mungkin kami pun sedang mencari alasan logis untuk bisa mundur dari pemandangan yang menyayat hati itu. "
,"Jessica dan aku mengangguk pada George-aniki, dan kami pun pergi. "
,"Kami memanggil Maria, bilang kami akan ke rumah tamu, tapi dia sepertinya tidak mendengar, dan kami pun merasa agak bersalah dan malu setelah mengatakannya... "
Ushiromiya Rosa,"""Kalau begitu, cari sendiri sepuasnya! Mama nggak peduli!!"" "
Ushiromiya Maria,"""Uu-!!! Aku akan cari! Aku cari sendiri!! Meskipun Mama nggak peduli! Uu-uu-uu-uu-uu-!!"" "
Ushiromiya Rosa,"""Terserah kau saja!!"" "
,"Setelah mengucapkan kata-kata pedas itu, Rosa berbalik dan cepat-cepat kembali ke mansion. "
,Maria mungkin menganggap itu sebagai sikap dingin yang menyakitkan. 
,Tapi itu bukan maksud Rosa. 
,...Itu karena tangan yang dia gunakan untuk menampar pipi Maria dengan emosi tadi... masih terasa kebas. 
,"...Itu karena kalau dia tetap di sana dan terus berteriak, dia mungkin akan terbawa emosi lagi dan terus menampar pipi anaknya. "
,"Setelah Rosa pergi, Maria sendirian di taman mawar. "
,"Angin bertiup semakin kencang, dan sesekali, tetes hujan jatuh di dahinya. "
,...Tapi Maria tak bisa meninggalkan tempat itu. Tidak sampai dia menemukan mawar kecil yang layu itu. 
,"Itu benar-benar ada di sana. ......Tapi sekarang, tidak ada. Padahal dia tahu tempatnya, dan memang tadi ada, sekarang tidak ada. "
,Maria menatap tempat itu dengan getir dan berpikir keras. 
,Mungkin sudut pandangnya salah. Mungkin tinggi pandangannya yang keliru. 
,"......Sambil menatap satu titik, Maria berdiri, mengubah posisi, dan terus menatap. "
,Angin bertiup makin kencang...... 
,Tapi Maria tetap mencari mawar itu di depan petak bunga... 
,.........Kinzo menyadari suara tetesan hujan yang menghantam jendela. Tampaknya hujan turun dengan deras. Hujan mulai turun lebih lambat dari yang diperkirakan oleh laporan cuaca. 
,Kinzo mendekati jendela seolah terpanggil oleh suara hujan itu. Suara hujan adalah suara dari keheningan. 
,"Suara itu terasa lebih sunyi dari kesunyian apa pun... dan membuat manusia ingat bahwa, pada akhirnya, mereka sendirian dari saat lahir hingga saat mati. "
Ushiromiya Kinzo,"""......Kau terlambat, {f:5:Beatrice}."" "
,Apakah kata-kata itu ditujukan pada langit yang diguyur hujan...? Tak ada siapa pun yang terlihat ke arah pandangan Kinzo. 
Ushiromiya Kinzo,"""......Kalau begitu, mari kita mulai. Mari kita mulai jamuan keajaiban kita. ......Pulau ini sekarang telah terputus dari dunia luar. Kini tak ada lagi yang bisa mengganggu upacaraku. "
Ushiromiya Kinzo,"Ada banyak sekali korban yang pantas untukmu. Empat anakku. Tiga pasangan mereka. Empat cucuku. Aku sendiri, para tamuku, dan para pelayanku! Kau boleh melahap sebanyak yang kau mau. "
Ushiromiya Kinzo,"Kunci takdir akan memilih korban sesuai dengan Roulette Iblis. Jika roulette itu memilihku, maka aku pun akan menjadi korbanmu. ...Namun, justru karena itulah, ...karena aku akan bertaruh pada kegilaan semacam itu, ......aku pasti akan membawa keajaiban besar ke dunia ini."" "
Ushiromiya Kinzo,"""...Datanglah, lahaplah sepuas hatimu...!! Aku akan meraih kemenangan atas roulette itu. Ya, aku akan mempertaruhkan segalanya. Pertama-tama, aku akan mengembalikan warisan keluarga Ushiromiya. Terimalah!!"" "
,"Kinzo membuka jendela dengan kasar, mencabut cincin emas dari jarinya, dan melemparkannya dengan keras. "
,"......Pada saat itu, suara petir menggema, menciptakan ilusi bahwa kilat menyambut cincin tersebut. "
Ushiromiya Kinzo,"""Dan, ......saat kau bangkit kembali, pastilah aku yang menjadi saksi kebangkitanmu. Aku akan bertahan hingga akhir dan mengawasi saat kau terbangun. "
Ushiromiya Kinzo,".........Jadi datanglah, {f:5:Beatrice}... Selamat datang di jamuanku...! Sebagai ganti dari semua yang telah aku ciptakan, tunjukkan padaku satu keajaiban lagi saja. ......Oooooohh, ...{f:5:Beatriceeeeeee}........."" "
